filename,flattened
train/plastic/plastic_466.jpg,0
train/plastic/plastic_565.jpg,0
train/plastic/plastic_288.jpg,0
train/plastic/plastic_861.jpg,1
train/plastic/plastic_500.jpg,0
train/plastic/plastic_117.jpg,0
train/plastic/plastic_620.jpg,0
train/plastic/plastic_703.jpg,0
train/plastic/plastic_159.jpg,0
train/plastic/plastic_170.jpg,0
train/plastic/plastic_442.jpg,0
train/plastic/plastic_404.jpg,0
train/metal/metal_850.jpg,1
train/plastic/plastic_667.jpg,0
train/plastic/plastic_498.jpg,0
train/plastic/plastic_1.jpg,0
train/plastic/plastic_513.jpg,0
train/plastic/plastic_131.jpg,0
train/plastic/plastic_995.jpg,0
train/plastic/plastic_912.jpg,0
train/plastic/plastic_336.jpg,0
train/metal/metal_174.jpg,0
train/plastic/plastic_736.jpg,0
train/metal/metal_794.jpg,1
train/plastic/plastic_76.jpg,0
train/metal/metal_37.jpg,1
train/plastic/plastic_877.jpg,0
train/plastic/plastic_335.jpg,0
train/plastic/plastic_862.jpg,0
train/plastic/plastic_547.jpg,0
train/plastic/plastic_22.jpg,0
train/plastic/plastic_817.jpg,0
train/plastic/plastic_622.jpg,0
train/plastic/plastic_364.jpg,0
train/plastic/plastic_266.jpg,0
train/plastic/plastic_79.jpg,0
train/plastic/plastic_100.jpg,0
train/metal/metal_414.jpg,1
train/metal/metal_576.jpg,1
train/plastic/plastic_49.jpg,0
train/plastic/plastic_153.jpg,0
train/plastic/plastic_518.jpg,0
train/plastic/plastic_300.jpg,0
train/plastic/plastic_296.jpg,0
train/metal/metal_434.jpg,1
train/plastic/plastic_871.jpg,0
train/plastic/plastic_57.jpg,0
train/plastic/plastic_178.jpg,0
train/plastic/plastic_162.jpg,0
train/plastic/plastic_476.jpg,0
train/metal/metal_333.jpg,0
train/plastic/plastic_467.jpg,0
train/plastic/plastic_597.jpg,0
train/plastic/plastic_917.jpg,0
train/plastic/plastic_529.jpg,0
train/plastic/plastic_477.jpg,0
train/plastic/plastic_571.jpg,0
train/plastic/plastic_937.jpg,0
train/plastic/plastic_326.jpg,0
train/plastic/plastic_332.jpg,0
train/plastic/plastic_930.jpg,0
train/plastic/plastic_115.jpg,0
train/metal/metal_57.jpg,0
train/plastic/plastic_148.jpg,0
train/plastic/plastic_754.jpg,0
train/plastic/plastic_544.jpg,0
train/metal/metal_777.jpg,1
train/metal/metal_246.jpg,0
train/plastic/plastic_936.jpg,0
train/plastic/plastic_53.jpg,0
train/plastic/plastic_604.jpg,0
train/plastic/plastic_459.jpg,0
train/plastic/plastic_744.jpg,0
train/plastic/plastic_158.jpg,0
train/metal/metal_81.jpg,0
train/plastic/plastic_842.jpg,0
train/plastic/plastic_540.jpg,0
train/plastic/plastic_762.jpg,0
train/plastic/plastic_898.jpg,0
train/plastic/plastic_750.jpg,0
train/plastic/plastic_187.jpg,0
train/metal/metal_78.jpg,0
train/plastic/plastic_125.jpg,0
train/plastic/plastic_607.jpg,0
train/plastic/plastic_371.jpg,0
train/plastic/plastic_327.jpg,0
train/metal/metal_129.jpg,1
train/plastic/plastic_635.jpg,0
train/plastic/plastic_146.jpg,0
train/plastic/plastic_624.jpg,0
train/metal/metal_206.jpg,0
train/plastic/plastic_309.jpg,0
train/metal/metal_688.jpg,1
train/metal/metal_25.jpg,1
train/plastic/plastic_252.jpg,0
train/plastic/plastic_109.jpg,0
train/plastic/plastic_20.jpg,0
train/plastic/plastic_435.jpg,0
train/plastic/plastic_892.jpg,0
train/metal/metal_101.jpg,0
train/plastic/plastic_108.jpg,0
train/plastic/plastic_258.jpg,0
train/plastic/plastic_821.jpg,0
train/plastic/plastic_653.jpg,0
train/plastic/plastic_438.jpg,0
train/plastic/plastic_434.jpg,0
train/metal/metal_44.jpg,0
train/plastic/plastic_963.jpg,0
train/plastic/plastic_843.jpg,0
train/plastic/plastic_526.jpg,0
train/plastic/plastic_253.jpg,0
train/plastic/plastic_63.jpg,1
train/plastic/plastic_663.jpg,0
train/plastic/plastic_274.jpg,0
train/plastic/plastic_605.jpg,0
train/metal/metal_205.jpg,1
train/plastic/plastic_301.jpg,0
train/plastic/plastic_694.jpg,0
train/plastic/plastic_705.jpg,0
train/plastic/plastic_585.jpg,0
train/plastic/plastic_690.jpg,0
train/plastic/plastic_18.jpg,0
train/plastic/plastic_3.jpg,0
train/plastic/plastic_483.jpg,0
train/metal/metal_266.jpg,1
train/plastic/plastic_368.jpg,0
train/metal/metal_519.jpg,1
train/plastic/plastic_328.jpg,0
train/plastic/plastic_616.jpg,0
train/plastic/plastic_702.jpg,0
train/plastic/plastic_934.jpg,0
train/plastic/plastic_245.jpg,0
train/plastic/plastic_62.jpg,1
train/plastic/plastic_24.jpg,0
train/plastic/plastic_283.jpg,0
train/plastic/plastic_149.jpg,0
train/plastic/plastic_669.jpg,0
train/plastic/plastic_174.jpg,0
train/plastic/plastic_946.jpg,0
train/plastic/plastic_257.jpg,0
train/plastic/plastic_177.jpg,0
train/plastic/plastic_552.jpg,0
train/plastic/plastic_89.jpg,0
train/plastic/plastic_801.jpg,0
train/plastic/plastic_876.jpg,0
train/plastic/plastic_6.jpg,0
train/plastic/plastic_408.jpg,0
train/metal/metal_193.jpg,1
train/metal/metal_28.jpg,1
train/plastic/plastic_580.jpg,0
train/metal/metal_109.jpg,1
train/plastic/plastic_714.jpg,0
train/plastic/plastic_480.jpg,0
train/plastic/plastic_478.jpg,0
train/plastic/plastic_729.jpg,0
train/metal/metal_69.jpg,1
train/plastic/plastic_661.jpg,0
train/plastic/plastic_263.jpg,0
train/plastic/plastic_760.jpg,0
train/metal/metal_288.jpg,0
train/plastic/plastic_337.jpg,0
train/metal/metal_2.jpg,0
train/plastic/plastic_600.jpg,0
train/plastic/plastic_830.jpg,0
train/metal/metal_84.jpg,0
train/metal/metal_194.jpg,0
train/plastic/plastic_52.jpg,0
train/plastic/plastic_829.jpg,0
train/metal/metal_554.jpg,1
train/plastic/plastic_651.jpg,0
train/plastic/plastic_422.jpg,0
train/plastic/plastic_587.jpg,0
train/plastic/plastic_910.jpg,0
train/plastic/plastic_879.jpg,0
train/plastic/plastic_534.jpg,1
train/plastic/plastic_262.jpg,0
train/plastic/plastic_548.jpg,0
train/plastic/plastic_425.jpg,0
train/plastic/plastic_156.jpg,0
train/plastic/plastic_279.jpg,0
train/metal/metal_147.jpg,1
train/plastic/plastic_688.jpg,0
train/plastic/plastic_43.jpg,0
train/plastic/plastic_893.jpg,0
train/plastic/plastic_546.jpg,0
train/plastic/plastic_254.jpg,0
train/plastic/plastic_298.jpg,0
train/plastic/plastic_359.jpg,0
train/plastic/plastic_61.jpg,0
train/plastic/plastic_93.jpg,0
train/plastic/plastic_618.jpg,0
train/metal/metal_134.jpg,1
train/plastic/plastic_190.jpg,0
train/plastic/plastic_599.jpg,0
train/plastic/plastic_40.jpg,0
train/plastic/plastic_764.jpg,0
train/plastic/plastic_631.jpg,0
train/plastic/plastic_81.jpg,0
train/metal/metal_221.jpg,0
train/metal/metal_186.jpg,1
train/metal/metal_277.jpg,1
train/metal/metal_132.jpg,0
train/plastic/plastic_490.jpg,0
train/metal/metal_35.jpg,0
train/plastic/plastic_680.jpg,0
train/plastic/plastic_353.jpg,0
train/plastic/plastic_695.jpg,0
train/plastic/plastic_313.jpg,0
train/metal/metal_19.jpg,0
train/plastic/plastic_88.jpg,0
train/plastic/plastic_506.jpg,0
train/plastic/plastic_322.jpg,0
train/plastic/plastic_564.jpg,0
train/plastic/plastic_197.jpg,0
train/plastic/plastic_699.jpg,0
train/plastic/plastic_376.jpg,0
train/plastic/plastic_779.jpg,0
train/plastic/plastic_708.jpg,0
train/metal/metal_11.jpg,0
train/plastic/plastic_911.jpg,0
train/plastic/plastic_499.jpg,0
train/plastic/plastic_678.jpg,0
train/plastic/plastic_433.jpg,0
train/plastic/plastic_363.jpg,0
train/metal/metal_130.jpg,0
train/plastic/plastic_638.jpg,0
train/plastic/plastic_358.jpg,0
train/plastic/plastic_519.jpg,1
train/plastic/plastic_953.jpg,0
train/plastic/plastic_561.jpg,0
train/plastic/plastic_360.jpg,0
train/plastic/plastic_563.jpg,0
train/plastic/plastic_356.jpg,0
train/plastic/plastic_839.jpg,0
train/plastic/plastic_942.jpg,0
train/plastic/plastic_530.jpg,0
train/plastic/plastic_682.jpg,0
train/plastic/plastic_173.jpg,0
train/plastic/plastic_347.jpg,0
train/plastic/plastic_833.jpg,0
train/plastic/plastic_84.jpg,0
train/plastic/plastic_951.jpg,0
train/plastic/plastic_698.jpg,0
train/plastic/plastic_617.jpg,0
train/plastic/plastic_659.jpg,0
train/metal/metal_17.jpg,1
train/plastic/plastic_56.jpg,0
train/plastic/plastic_846.jpg,0
train/metal/metal_248.jpg,0
train/metal/metal_9.jpg,0
train/plastic/plastic_73.jpg,0
train/plastic/plastic_812.jpg,0
train/plastic/plastic_444.jpg,0
train/plastic/plastic_941.jpg,0
train/plastic/plastic_85.jpg,0
train/plastic/plastic_572.jpg,0
train/plastic/plastic_289.jpg,0
train/plastic/plastic_127.jpg,0
train/plastic/plastic_983.jpg,0
train/plastic/plastic_374.jpg,0
train/plastic/plastic_551.jpg,0
train/plastic/plastic_424.jpg,0
train/metal/metal_498.jpg,1
train/plastic/plastic_420.jpg,0
train/plastic/plastic_570.jpg,0
train/metal/metal_184.jpg,0
train/plastic/plastic_237.jpg,0
train/plastic/plastic_590.jpg,0
train/plastic/plastic_602.jpg,0
train/plastic/plastic_527.jpg,1
train/metal/metal_291.jpg,0
train/metal/metal_195.jpg,0
train/plastic/plastic_19.jpg,0
train/metal/metal_179.jpg,0
train/plastic/plastic_873.jpg,0
train/plastic/plastic_701.jpg,0
train/plastic/plastic_810.jpg,0
train/plastic/plastic_671.jpg,0
train/plastic/plastic_940.jpg,0
train/plastic/plastic_719.jpg,0
train/plastic/plastic_869.jpg,0
train/plastic/plastic_531.jpg,0
train/plastic/plastic_628.jpg,0
train/metal/metal_467.jpg,1
train/plastic/plastic_225.jpg,0
train/plastic/plastic_449.jpg,0
train/plastic/plastic_768.jpg,0
train/plastic/plastic_44.jpg,0
train/plastic/plastic_35.jpg,0
train/metal/metal_94.jpg,0
train/plastic/plastic_338.jpg,0
train/metal/metal_283.jpg,0
train/plastic/plastic_890.jpg,0
train/plastic/plastic_443.jpg,0
train/plastic/plastic_107.jpg,0
train/metal/metal_321.jpg,0
train/plastic/plastic_868.jpg,0
train/plastic/plastic_354.jpg,0
train/plastic/plastic_137.jpg,0
train/plastic/plastic_954.jpg,0
train/plastic/plastic_720.jpg,0
train/plastic/plastic_772.jpg,0
train/metal/metal_100.jpg,1
train/plastic/plastic_884.jpg,0
train/plastic/plastic_745.jpg,0
train/metal/metal_250.jpg,0
train/plastic/plastic_441.jpg,0
train/metal/metal_394.jpg,1
train/plastic/plastic_105.jpg,0
train/plastic/plastic_751.jpg,0
train/plastic/plastic_468.jpg,0
train/metal/metal_33.jpg,0
train/plastic/plastic_37.jpg,0
train/plastic/plastic_925.jpg,0
train/plastic/plastic_860.jpg,0
train/plastic/plastic_791.jpg,0
train/plastic/plastic_737.jpg,0
train/plastic/plastic_385.jpg,0
train/plastic/plastic_767.jpg,0
train/metal/metal_614.jpg,1
train/plastic/plastic_183.jpg,0
train/plastic/plastic_679.jpg,0
train/plastic/plastic_419.jpg,0
train/metal/metal_727.jpg,1
train/plastic/plastic_428.jpg,0
train/metal/metal_500.jpg,1
train/plastic/plastic_164.jpg,0
train/plastic/plastic_317.jpg,0
train/plastic/plastic_240.jpg,0
train/plastic/plastic_351.jpg,0
train/metal/metal_875.jpg,1
train/plastic/plastic_813.jpg,0
train/plastic/plastic_850.jpg,0
train/plastic/plastic_882.jpg,0
train/plastic/plastic_656.jpg,0
train/plastic/plastic_595.jpg,0
train/plastic/plastic_516.jpg,0
train/plastic/plastic_151.jpg,0
train/plastic/plastic_267.jpg,0
train/plastic/plastic_92.jpg,0
train/metal/metal_373.jpg,1
train/plastic/plastic_70.jpg,0
train/plastic/plastic_121.jpg,1
train/plastic/plastic_769.jpg,0
train/plastic/plastic_730.jpg,0
train/plastic/plastic_788.jpg,0
train/plastic/plastic_722.jpg,0
train/plastic/plastic_348.jpg,0
train/plastic/plastic_176.jpg,0
train/plastic/plastic_379.jpg,0
train/plastic/plastic_116.jpg,0
train/plastic/plastic_491.jpg,0
train/plastic/plastic_691.jpg,0
train/plastic/plastic_932.jpg,0
train/plastic/plastic_307.jpg,0
train/plastic/plastic_753.jpg,0
train/plastic/plastic_798.jpg,0
train/plastic/plastic_58.jpg,0
train/plastic/plastic_220.jpg,0
train/metal/metal_325.jpg,1
train/plastic/plastic_255.jpg,0
train/plastic/plastic_324.jpg,0
train/plastic/plastic_991.jpg,0
train/plastic/plastic_414.jpg,0
train/plastic/plastic_789.jpg,0
train/plastic/plastic_469.jpg,0
train/metal/metal_46.jpg,0
train/plastic/plastic_672.jpg,0
train/plastic/plastic_80.jpg,0
train/plastic/plastic_765.jpg,0
train/metal/metal_319.jpg,0
train/plastic/plastic_933.jpg,0
train/metal/metal_330.jpg,0
train/plastic/plastic_575.jpg,0
train/plastic/plastic_167.jpg,0
train/plastic/plastic_704.jpg,0
train/plastic/plastic_662.jpg,0
train/plastic/plastic_553.jpg,0
train/plastic/plastic_851.jpg,0
train/plastic/plastic_857.jpg,0
train/plastic/plastic_390.jpg,0
train/plastic/plastic_958.jpg,0
train/metal/metal_543.jpg,1
train/metal/metal_15.jpg,1
train/plastic/plastic_814.jpg,0
train/plastic/plastic_402.jpg,1
train/plastic/plastic_475.jpg,0
train/plastic/plastic_805.jpg,0
train/plastic/plastic_208.jpg,0
train/plastic/plastic_180.jpg,0
train/plastic/plastic_872.jpg,0
train/plastic/plastic_824.jpg,0
train/plastic/plastic_819.jpg,0
train/plastic/plastic_268.jpg,0
train/metal/metal_241.jpg,0
train/plastic/plastic_75.jpg,0
train/plastic/plastic_171.jpg,0
train/plastic/plastic_306.jpg,0
train/metal/metal_578.jpg,1
train/plastic/plastic_711.jpg,0
train/metal/metal_574.jpg,1
train/plastic/plastic_294.jpg,0
train/plastic/plastic_54.jpg,0
train/plastic/plastic_69.jpg,0
train/plastic/plastic_272.jpg,0
train/plastic/plastic_715.jpg,0
train/plastic/plastic_206.jpg,0
train/plastic/plastic_417.jpg,0
train/metal/metal_305.jpg,1
train/plastic/plastic_169.jpg,0
train/plastic/plastic_357.jpg,0
train/metal/metal_10.jpg,1
train/plastic/plastic_913.jpg,0
train/metal/metal_30.jpg,1
train/plastic/plastic_38.jpg,0
train/plastic/plastic_889.jpg,1
train/metal/metal_1.jpg,0
train/plastic/plastic_840.jpg,0
train/plastic/plastic_11.jpg,0
train/plastic/plastic_96.jpg,0
train/metal/metal_222.jpg,0
train/plastic/plastic_445.jpg,0
train/plastic/plastic_494.jpg,0
train/metal/metal_36.jpg,0
train/plastic/plastic_496.jpg,0
train/metal/metal_367.jpg,1
train/plastic/plastic_784.jpg,0
train/plastic/plastic_758.jpg,0
train/plastic/plastic_512.jpg,0
train/plastic/plastic_33.jpg,0
train/plastic/plastic_782.jpg,0
train/plastic/plastic_241.jpg,0
train/metal/metal_108.jpg,0
train/plastic/plastic_392.jpg,0
train/plastic/plastic_959.jpg,0
train/plastic/plastic_42.jpg,0
train/plastic/plastic_649.jpg,0
train/metal/metal_113.jpg,0
train/plastic/plastic_573.jpg,0
train/metal/metal_158.jpg,0
train/plastic/plastic_231.jpg,0
train/plastic/plastic_849.jpg,0
train/plastic/plastic_217.jpg,0
train/plastic/plastic_431.jpg,0
train/plastic/plastic_927.jpg,0
train/plastic/plastic_896.jpg,0
train/plastic/plastic_242.jpg,0
train/metal/metal_509.jpg,1
train/plastic/plastic_45.jpg,0
train/plastic/plastic_229.jpg,0
train/metal/metal_644.jpg,1
train/plastic/plastic_503.jpg,0
train/plastic/plastic_352.jpg,0
train/plastic/plastic_538.jpg,0
train/plastic/plastic_621.jpg,0
train/plastic/plastic_139.jpg,0
train/plastic/plastic_165.jpg,0
train/plastic/plastic_91.jpg,0
train/plastic/plastic_349.jpg,0
train/plastic/plastic_426.jpg,0
train/plastic/plastic_472.jpg,0
train/plastic/plastic_304.jpg,0
train/plastic/plastic_232.jpg,0
train/plastic/plastic_504.jpg,0
train/plastic/plastic_827.jpg,0
train/plastic/plastic_386.jpg,1
train/plastic/plastic_234.jpg,0
train/plastic/plastic_603.jpg,0
train/plastic/plastic_372.jpg,0
train/plastic/plastic_592.jpg,0
train/plastic/plastic_316.jpg,0
train/plastic/plastic_447.jpg,0
train/plastic/plastic_212.jpg,0
train/plastic/plastic_627.jpg,0
train/metal/metal_594.jpg,1
train/metal/metal_183.jpg,0
train/plastic/plastic_709.jpg,0
train/plastic/plastic_166.jpg,0
train/plastic/plastic_78.jpg,0
train/plastic/plastic_207.jpg,0
train/plastic/plastic_247.jpg,0
train/plastic/plastic_836.jpg,0
train/plastic/plastic_361.jpg,0
train/metal/metal_290.jpg,0
train/plastic/plastic_771.jpg,0
train/plastic/plastic_749.jpg,0
train/plastic/plastic_471.jpg,0
train/plastic/plastic_400.jpg,0
train/plastic/plastic_250.jpg,0
train/plastic/plastic_277.jpg,0
train/plastic/plastic_377.jpg,0
train/plastic/plastic_939.jpg,0
train/plastic/plastic_329.jpg,0
train/plastic/plastic_29.jpg,0
train/plastic/plastic_256.jpg,0
train/plastic/plastic_7.jpg,0
train/metal/metal_32.jpg,0
train/plastic/plastic_293.jpg,0
train/plastic/plastic_652.jpg,0
train/plastic/plastic_168.jpg,0
train/plastic/plastic_748.jpg,0
train/plastic/plastic_2.jpg,0
train/plastic/plastic_654.jpg,0
train/plastic/plastic_894.jpg,0
train/plastic/plastic_124.jpg,0
train/plastic/plastic_278.jpg,0
train/plastic/plastic_793.jpg,0
train/plastic/plastic_875.jpg,0
train/plastic/plastic_495.jpg,0
train/plastic/plastic_271.jpg,0
train/plastic/plastic_135.jpg,0
train/plastic/plastic_964.jpg,0
train/plastic/plastic_382.jpg,0
train/plastic/plastic_944.jpg,0
train/plastic/plastic_488.jpg,0
train/plastic/plastic_440.jpg,0
train/metal/metal_86.jpg,0
train/plastic/plastic_559.jpg,0
train/metal/metal_251.jpg,0
train/metal/metal_213.jpg,0
val/plastic/plastic_847.jpg,0
val/metal/metal_31.jpg,0
val/plastic/plastic_668.jpg,0
val/plastic/plastic_128.jpg,0
val/plastic/plastic_825.jpg,0
val/metal/metal_329.jpg,0
val/plastic/plastic_650.jpg,0
val/plastic/plastic_517.jpg,0
val/plastic/plastic_734.jpg,0
val/plastic/plastic_630.jpg,0
val/plastic/plastic_21.jpg,0
val/plastic/plastic_370.jpg,0
val/plastic/plastic_657.jpg,0
val/plastic/plastic_593.jpg,0
val/metal/metal_66.jpg,0
val/plastic/plastic_157.jpg,0
val/plastic/plastic_733.jpg,0
val/metal/metal_171.jpg,1
val/plastic/plastic_9.jpg,0
val/plastic/plastic_706.jpg,0
val/plastic/plastic_822.jpg,0
val/metal/metal_23.jpg,0
val/plastic/plastic_155.jpg,0
val/plastic/plastic_415.jpg,0
val/plastic/plastic_59.jpg,0
val/plastic/plastic_741.jpg,0
val/plastic/plastic_609.jpg,0
val/plastic/plastic_648.jpg,0
val/plastic/plastic_664.jpg,0
val/plastic/plastic_965.jpg,0
val/metal/metal_219.jpg,0
val/plastic/plastic_134.jpg,0
val/metal/metal_518.jpg,1
val/plastic/plastic_239.jpg,0
val/plastic/plastic_828.jpg,0
val/plastic/plastic_838.jpg,0
val/metal/metal_879.jpg,1
val/plastic/plastic_979.jpg,0
val/metal/metal_92.jpg,1
val/plastic/plastic_411.jpg,0
val/metal/metal_789.jpg,1
val/plastic/plastic_152.jpg,0
val/plastic/plastic_712.jpg,0
val/plastic/plastic_834.jpg,0
val/plastic/plastic_51.jpg,0
val/plastic/plastic_909.jpg,0
val/plastic/plastic_333.jpg,1
val/metal/metal_310.jpg,0
val/metal/metal_497.jpg,1
val/plastic/plastic_644.jpg,0
val/plastic/plastic_853.jpg,0
val/plastic/plastic_757.jpg,0
val/plastic/plastic_957.jpg,0
val/plastic/plastic_130.jpg,0
val/plastic/plastic_126.jpg,0
val/plastic/plastic_781.jpg,0
val/plastic/plastic_365.jpg,0
val/plastic/plastic_510.jpg,1
val/plastic/plastic_900.jpg,0
val/plastic/plastic_880.jpg,0
val/plastic/plastic_295.jpg,0
val/plastic/plastic_816.jpg,0
val/metal/metal_112.jpg,0
val/plastic/plastic_803.jpg,1
val/plastic/plastic_196.jpg,0
val/plastic/plastic_717.jpg,0
test/plastic/plastic_676.jpg,0
test/plastic/plastic_281.jpg,0
test/plastic/plastic_999.jpg,0
test/plastic/plastic_972.jpg,0
test/plastic/plastic_870.jpg,0
test/plastic/plastic_160.jpg,0
test/plastic/plastic_856.jpg,0
test/plastic/plastic_743.jpg,0
test/plastic/plastic_528.jpg,0
test/plastic/plastic_82.jpg,0
test/plastic/plastic_929.jpg,0
test/plastic/plastic_48.jpg,0
test/plastic/plastic_577.jpg,0
test/plastic/plastic_192.jpg,0
test/plastic/plastic_874.jpg,0
test/plastic/plastic_15.jpg,0
test/plastic/plastic_199.jpg,0
test/plastic/plastic_726.jpg,1
test/plastic/plastic_569.jpg,0
test/plastic/plastic_800.jpg,0
test/metal/metal_50.jpg,0
test/plastic/plastic_344.jpg,0
test/metal/metal_48.jpg,0
test/plastic/plastic_205.jpg,0
test/plastic/plastic_584.jpg,0
test/metal/metal_88.jpg,0
test/plastic/plastic_366.jpg,0
test/metal/metal_61.jpg,0
test/plastic/plastic_907.jpg,0
test/plastic/plastic_209.jpg,0
test/plastic/plastic_522.jpg,0
test/plastic/plastic_996.jpg,0
test/metal/metal_449.jpg,1
test/plastic/plastic_463.jpg,0
test/plastic/plastic_501.jpg,0
test/plastic/plastic_487.jpg,1
test/plastic/plastic_971.jpg,0
test/plastic/plastic_966.jpg,0
test/plastic/plastic_27.jpg,0
test/metal/metal_874.jpg,1
test/metal/metal_236.jpg,1
test/plastic/plastic_479.jpg,0
test/plastic/plastic_28.jpg,0
test/plastic/plastic_520.jpg,0
test/plastic/plastic_727.jpg,0
test/plastic/plastic_198.jpg,0
test/plastic/plastic_427.jpg,1
test/plastic/plastic_474.jpg,0
test/plastic/plastic_525.jpg,0
test/plastic/plastic_405.jpg,0
test/metal/metal_54.jpg,0
test/plastic/plastic_418.jpg,0
test/plastic/plastic_238.jpg,0
test/plastic/plastic_707.jpg,0
test/metal/metal_643.jpg,1
test/plastic/plastic_634.jpg,0
test/metal/metal_298.jpg,0
test/plastic/plastic_915.jpg,0
test/plastic/plastic_811.jpg,0
test/plastic/plastic_104.jpg,0
test/metal/metal_592.jpg,1
test/metal/metal_776.jpg,1
test/plastic/plastic_140.jpg,0
test/plastic/plastic_226.jpg,0
