filename,is_bottle
train/plastic/plastic_773.jpg,1
train/plastic/plastic_72.jpg,1
train/plastic/plastic_466.jpg,1
train/plastic/plastic_565.jpg,1
train/plastic/plastic_288.jpg,1
train/plastic/plastic_861.jpg,1
train/plastic/plastic_500.jpg,1
train/plastic/plastic_117.jpg,1
train/plastic/plastic_620.jpg,1
train/plastic/plastic_724.jpg,1
train/plastic/bottle_少_少 (16).jpg,1
train/plastic/bottle_中_中 (39).jpg,1
train/plastic/plastic_703.jpg,1
train/plastic/plastic_159.jpg,1
train/plastic/plastic_170.jpg,1
train/plastic/plastic_442.jpg,1
train/plastic/plastic_778.jpg,1
train/plastic/plastic_404.jpg,1
train/plastic/plastic_725.jpg,1
train/plastic/plastic_667.jpg,1
train/plastic/plastic_98.jpg,0
train/plastic/plastic_498.jpg,1
train/plastic/plastic_1.jpg,1
train/plastic/bottle_中_中 (41).jpg,1
train/plastic/plastic_513.jpg,1
train/plastic/plastic_131.jpg,1
train/plastic/plastic_511.jpg,0
train/plastic/plastic_995.jpg,1
train/plastic/plastic_912.jpg,1
train/plastic/plastic_509.jpg,0
train/plastic/bottle_中_中 (9).jpg,1
train/plastic/plastic_336.jpg,1
train/plastic/bottle_空_空 (50).jpg,1
train/plastic/plastic_736.jpg,1
train/plastic/plastic_673.jpg,0
train/plastic/plastic_76.jpg,1
train/plastic/bottle_多_多 (24).jpg,1
train/plastic/plastic_877.jpg,1
train/plastic/plastic_335.jpg,1
train/plastic/plastic_852.jpg,1
train/plastic/plastic_897.jpg,1
train/plastic/plastic_862.jpg,1
train/plastic/plastic_547.jpg,1
train/plastic/plastic_22.jpg,1
train/plastic/plastic_817.jpg,1
train/plastic/plastic_622.jpg,1
train/plastic/plastic_364.jpg,1
train/plastic/plastic_795.jpg,0
train/plastic/plastic_922.jpg,0
train/plastic/plastic_266.jpg,1
train/plastic/plastic_79.jpg,1
train/plastic/plastic_794.jpg,0
train/plastic/plastic_100.jpg,1
train/plastic/plastic_485.jpg,0
train/plastic/bottle_空_空 (22).jpg,1
train/plastic/bottle_空_空 (48).jpg,1
train/plastic/plastic_908.jpg,0
train/plastic/bottle_中_中 (29).jpg,1
train/plastic/plastic_49.jpg,1
train/plastic/plastic_153.jpg,1
train/plastic/plastic_518.jpg,1
train/plastic/bottle_多_多 (14).jpg,1
train/plastic/plastic_300.jpg,1
train/plastic/bottle_空_空 (36).jpg,1
train/plastic/plastic_608.jpg,0
train/plastic/plastic_296.jpg,1
train/plastic/plastic_871.jpg,1
train/plastic/plastic_57.jpg,1
train/plastic/plastic_178.jpg,1
train/plastic/plastic_162.jpg,1
train/plastic/bottle_空_空 (43).jpg,1
train/plastic/plastic_987.jpg,1
train/plastic/plastic_476.jpg,1
train/plastic/plastic_467.jpg,1
train/plastic/plastic_920.jpg,1
train/plastic/plastic_312.jpg,0
train/plastic/plastic_597.jpg,1
train/plastic/plastic_820.jpg,1
train/plastic/plastic_917.jpg,1
train/plastic/plastic_529.jpg,1
train/plastic/plastic_864.jpg,0
train/plastic/plastic_477.jpg,1
train/plastic/bottle_中_中 (26).jpg,1
train/plastic/plastic_571.jpg,1
train/plastic/bottle_多_多 (25).jpg,1
train/plastic/plastic_895.jpg,1
train/plastic/bottle_多_多 (15).jpg,1
train/plastic/plastic_937.jpg,1
train/plastic/bottle_中_中 (20).jpg,1
train/plastic/plastic_326.jpg,1
train/plastic/plastic_332.jpg,1
train/plastic/plastic_693.jpg,0
train/plastic/plastic_248.jpg,0
train/plastic/bottle_中_中 (13).jpg,1
train/plastic/plastic_692.jpg,0
train/plastic/plastic_930.jpg,1
train/plastic/plastic_578.jpg,0
train/plastic/plastic_115.jpg,1
train/plastic/plastic_759.jpg,1
train/plastic/plastic_978.jpg,0
train/plastic/bottle_少_少 (29).jpg,1
train/plastic/bottle_多_多 (38).jpg,1
train/plastic/bottle_中_中 (2).jpg,1
train/plastic/plastic_148.jpg,1
train/plastic/plastic_754.jpg,1
train/plastic/plastic_544.jpg,1
train/plastic/plastic_977.jpg,1
train/plastic/plastic_114.jpg,0
train/plastic/plastic_902.jpg,1
train/plastic/plastic_507.jpg,0
train/plastic/plastic_936.jpg,1
train/plastic/plastic_887.jpg,1
train/plastic/plastic_53.jpg,1
train/plastic/plastic_604.jpg,1
train/plastic/plastic_459.jpg,1
train/plastic/plastic_744.jpg,1
train/plastic/bottle_少_少 (8).jpg,1
train/plastic/plastic_806.jpg,1
train/plastic/plastic_823.jpg,1
train/plastic/plastic_854.jpg,0
train/plastic/bottle_多_多 (43).jpg,1
train/plastic/plastic_783.jpg,1
train/plastic/plastic_158.jpg,1
train/plastic/bottle_中_中 (25).jpg,1
train/plastic/bottle_中_中 (40).jpg,1
train/plastic/bottle_空_空 (12).jpg,1
train/plastic/plastic_842.jpg,1
train/plastic/plastic_540.jpg,1
train/plastic/plastic_216.jpg,0
train/plastic/plastic_762.jpg,1
train/plastic/plastic_898.jpg,1
train/plastic/plastic_750.jpg,1
train/plastic/plastic_187.jpg,1
train/plastic/plastic_125.jpg,1
train/plastic/plastic_802.jpg,0
train/plastic/plastic_607.jpg,1
train/plastic/plastic_371.jpg,1
train/plastic/plastic_327.jpg,1
train/plastic/plastic_655.jpg,0
train/plastic/plastic_132.jpg,0
train/plastic/bottle_多_多 (16).jpg,1
train/plastic/plastic_635.jpg,1
train/plastic/plastic_146.jpg,1
train/plastic/plastic_624.jpg,1
train/plastic/plastic_309.jpg,1
train/plastic/plastic_923.jpg,1
train/plastic/plastic_252.jpg,1
train/plastic/plastic_109.jpg,1
train/plastic/plastic_20.jpg,1
train/plastic/plastic_845.jpg,1
train/plastic/plastic_435.jpg,1
train/plastic/bottle_少_少 (20).jpg,1
train/plastic/plastic_892.jpg,1
train/plastic/plastic_598.jpg,0
train/plastic/bottle_多_多 (26).jpg,1
train/plastic/plastic_108.jpg,1
train/plastic/plastic_258.jpg,1
train/plastic/bottle_空_空 (19).jpg,1
train/plastic/plastic_931.jpg,0
train/plastic/plastic_821.jpg,1
train/plastic/plastic_653.jpg,1
train/plastic/plastic_451.jpg,0
train/plastic/plastic_438.jpg,1
train/plastic/bottle_中_中 (8).jpg,1
train/plastic/plastic_434.jpg,1
train/plastic/plastic_924.jpg,1
train/plastic/plastic_775.jpg,1
train/plastic/plastic_963.jpg,1
train/plastic/plastic_955.jpg,1
train/plastic/plastic_843.jpg,1
train/plastic/bottle_少_少 (12).jpg,1
train/plastic/plastic_526.jpg,1
train/plastic/plastic_253.jpg,1
train/plastic/plastic_63.jpg,1
train/plastic/plastic_210.jpg,0
train/plastic/plastic_663.jpg,1
train/plastic/bottle_中_中 (3).jpg,1
train/plastic/plastic_274.jpg,1
train/plastic/plastic_605.jpg,1
train/plastic/plastic_301.jpg,1
train/plastic/plastic_694.jpg,1
train/plastic/plastic_705.jpg,1
train/plastic/bottle_多_多 (30).jpg,1
train/plastic/bottle_少_少 (33).jpg,1
train/plastic/bottle_空_空 (34).jpg,1
train/plastic/plastic_585.jpg,1
train/plastic/plastic_690.jpg,1
train/plastic/plastic_64.jpg,0
train/plastic/plastic_303.jpg,0
train/plastic/plastic_18.jpg,1
train/plastic/plastic_3.jpg,1
train/plastic/plastic_761.jpg,0
train/plastic/plastic_483.jpg,1
train/plastic/plastic_837.jpg,1
train/plastic/plastic_739.jpg,1
train/plastic/plastic_368.jpg,1
train/plastic/plastic_328.jpg,1
train/plastic/plastic_616.jpg,1
train/plastic/plastic_702.jpg,1
train/plastic/bottle_多_多 (48).jpg,1
train/plastic/plastic_742.jpg,1
train/plastic/plastic_934.jpg,1
train/plastic/plastic_543.jpg,0
train/plastic/bottle_多_多 (45).jpg,1
train/plastic/plastic_245.jpg,1
train/plastic/bottle_中_中 (19).jpg,1
train/plastic/plastic_62.jpg,1
train/plastic/bottle_中_中 (6).jpg,1
train/plastic/plastic_975.jpg,1
train/plastic/plastic_24.jpg,1
train/plastic/plastic_283.jpg,1
train/plastic/plastic_149.jpg,1
train/plastic/plastic_669.jpg,1
train/plastic/plastic_174.jpg,1
train/plastic/plastic_960.jpg,1
train/plastic/plastic_916.jpg,1
train/plastic/bottle_少_少 (45).jpg,1
train/plastic/plastic_946.jpg,1
train/plastic/plastic_287.jpg,0
train/plastic/plastic_888.jpg,0
train/plastic/plastic_257.jpg,1
train/plastic/bottle_空_空 (16).jpg,1
train/plastic/bottle_多_多 (40).jpg,1
train/plastic/plastic_177.jpg,1
train/plastic/plastic_718.jpg,1
train/plastic/bottle_多_多 (3).jpg,1
train/plastic/plastic_345.jpg,0
train/plastic/plastic_552.jpg,1
train/plastic/plastic_89.jpg,1
train/plastic/plastic_785.jpg,1
train/plastic/plastic_801.jpg,1
train/plastic/plastic_677.jpg,0
train/plastic/bottle_少_少 (10).jpg,1
train/plastic/plastic_876.jpg,1
train/plastic/bottle_少_少 (27).jpg,1
train/plastic/plastic_6.jpg,1
train/plastic/plastic_408.jpg,1
train/plastic/bottle_少_少 (7).jpg,1
train/plastic/bottle_中_中 (24).jpg,1
train/plastic/plastic_580.jpg,1
train/plastic/plastic_881.jpg,1
train/plastic/plastic_714.jpg,1
train/plastic/plastic_480.jpg,1
train/plastic/plastic_478.jpg,1
train/plastic/bottle_中_中 (44).jpg,1
train/plastic/plastic_961.jpg,1
train/plastic/plastic_729.jpg,1
train/plastic/bottle_多_多 (37).jpg,1
train/plastic/plastic_200.jpg,0
train/plastic/plastic_689.jpg,0
train/plastic/plastic_661.jpg,1
train/plastic/bottle_多_多 (1).jpg,1
train/plastic/plastic_263.jpg,1
train/plastic/bottle_中_中 (37).jpg,1
train/plastic/plastic_760.jpg,1
train/plastic/plastic_792.jpg,1
train/plastic/plastic_337.jpg,1
train/plastic/plastic_600.jpg,1
train/plastic/plastic_830.jpg,1
train/plastic/plastic_780.jpg,1
train/plastic/bottle_少_少 (23).jpg,1
train/plastic/plastic_452.jpg,0
train/plastic/plastic_52.jpg,1
train/plastic/plastic_829.jpg,1
train/plastic/plastic_94.jpg,1
train/plastic/bottle_空_空 (14).jpg,1
train/plastic/plastic_651.jpg,1
train/plastic/bottle_多_多 (33).jpg,1
train/plastic/plastic_786.jpg,1
train/plastic/plastic_422.jpg,1
train/plastic/bottle_中_中 (43).jpg,1
train/plastic/plastic_587.jpg,1
train/plastic/bottle_中_中 (4).jpg,1
train/plastic/plastic_74.jpg,0
train/plastic/plastic_883.jpg,1
train/plastic/plastic_910.jpg,1
train/plastic/plastic_175.jpg,0
train/plastic/plastic_879.jpg,1
train/plastic/plastic_534.jpg,1
train/plastic/plastic_262.jpg,1
train/plastic/plastic_548.jpg,1
train/plastic/plastic_832.jpg,1
train/plastic/plastic_425.jpg,1
train/plastic/plastic_156.jpg,1
train/plastic/plastic_632.jpg,0
train/plastic/plastic_279.jpg,1
train/plastic/plastic_974.jpg,1
train/plastic/plastic_688.jpg,1
train/plastic/bottle_少_少 (9).jpg,1
train/plastic/plastic_43.jpg,1
train/plastic/plastic_904.jpg,1
train/plastic/plastic_893.jpg,1
train/plastic/bottle_少_少 (46).jpg,1
train/plastic/plastic_848.jpg,1
train/plastic/plastic_546.jpg,1
train/plastic/plastic_254.jpg,1
train/plastic/bottle_中_中 (16).jpg,1
train/plastic/plastic_298.jpg,1
train/plastic/bottle_多_多 (47).jpg,1
train/plastic/bottle_空_空 (40).jpg,1
train/plastic/bottle_少_少 (24).jpg,1
train/plastic/plastic_359.jpg,1
train/plastic/bottle_多_多 (9).jpg,1
train/plastic/plastic_61.jpg,1
train/plastic/bottle_少_少 (5).jpg,1
train/plastic/plastic_93.jpg,1
train/plastic/plastic_618.jpg,1
train/plastic/plastic_986.jpg,1
train/plastic/plastic_190.jpg,1
train/plastic/plastic_599.jpg,1
train/plastic/plastic_40.jpg,1
train/plastic/plastic_764.jpg,1
train/plastic/plastic_631.jpg,1
train/plastic/plastic_81.jpg,1
train/plastic/plastic_918.jpg,1
train/plastic/bottle_多_多 (8).jpg,1
train/plastic/plastic_988.jpg,1
train/plastic/plastic_490.jpg,1
train/plastic/bottle_少_少 (35).jpg,1
train/plastic/plastic_866.jpg,1
train/plastic/plastic_680.jpg,1
train/plastic/plastic_353.jpg,1
train/plastic/plastic_695.jpg,1
train/plastic/plastic_313.jpg,1
train/plastic/plastic_88.jpg,1
train/plastic/bottle_空_空 (33).jpg,1
train/plastic/plastic_506.jpg,1
train/plastic/plastic_322.jpg,1
train/plastic/plastic_564.jpg,1
train/plastic/bottle_空_空 (44).jpg,1
train/plastic/plastic_568.jpg,0
train/plastic/plastic_197.jpg,1
train/plastic/plastic_699.jpg,1
train/plastic/bottle_少_少 (21).jpg,1
train/plastic/plastic_807.jpg,0
train/plastic/plastic_376.jpg,1
train/plastic/plastic_779.jpg,1
train/plastic/plastic_708.jpg,1
train/plastic/plastic_203.jpg,0
train/plastic/plastic_911.jpg,1
train/plastic/plastic_499.jpg,1
train/plastic/plastic_818.jpg,1
train/plastic/plastic_678.jpg,1
train/plastic/plastic_433.jpg,1
train/plastic/plastic_363.jpg,1
train/plastic/plastic_973.jpg,1
train/plastic/plastic_638.jpg,1
train/plastic/plastic_841.jpg,1
train/plastic/bottle_多_多 (7).jpg,1
train/plastic/plastic_358.jpg,1
train/plastic/plastic_284.jpg,0
train/plastic/plastic_299.jpg,0
train/plastic/plastic_519.jpg,1
train/plastic/plastic_269.jpg,0
train/plastic/bottle_少_少 (49).jpg,1
train/plastic/bottle_空_空 (31).jpg,1
train/plastic/bottle_少_少 (39).jpg,1
train/plastic/plastic_953.jpg,1
train/plastic/plastic_561.jpg,1
train/plastic/bottle_少_少 (17).jpg,1
train/plastic/plastic_360.jpg,1
train/plastic/plastic_950.jpg,1
train/plastic/plastic_563.jpg,1
train/plastic/plastic_356.jpg,1
train/plastic/plastic_343.jpg,0
train/plastic/plastic_839.jpg,1
train/plastic/bottle_空_空 (3).jpg,1
train/plastic/plastic_942.jpg,1
train/plastic/plastic_530.jpg,1
train/plastic/plastic_682.jpg,1
train/plastic/plastic_173.jpg,1
train/plastic/plastic_347.jpg,1
train/plastic/plastic_833.jpg,1
train/plastic/plastic_84.jpg,1
train/plastic/plastic_951.jpg,1
train/plastic/bottle_中_中 (5).jpg,1
train/plastic/plastic_282.jpg,0
train/plastic/bottle_少_少 (32).jpg,1
train/plastic/plastic_698.jpg,1
train/plastic/plastic_617.jpg,1
train/plastic/plastic_659.jpg,1
train/plastic/plastic_756.jpg,1
train/plastic/plastic_56.jpg,1
train/plastic/plastic_885.jpg,1
train/plastic/plastic_846.jpg,1
train/plastic/plastic_73.jpg,1
train/plastic/plastic_812.jpg,1
train/plastic/plastic_444.jpg,1
train/plastic/plastic_941.jpg,1
train/plastic/plastic_85.jpg,1
train/plastic/plastic_804.jpg,0
train/plastic/bottle_多_多 (46).jpg,1
train/plastic/plastic_755.jpg,0
train/plastic/bottle_多_多 (35).jpg,1
train/plastic/plastic_572.jpg,1
train/plastic/plastic_289.jpg,1
train/plastic/plastic_391.jpg,0
train/plastic/bottle_空_空 (41).jpg,1
train/plastic/plastic_127.jpg,1
train/plastic/plastic_983.jpg,1
train/plastic/plastic_374.jpg,1
train/plastic/plastic_551.jpg,1
train/plastic/plastic_424.jpg,1
train/plastic/plastic_420.jpg,1
train/plastic/plastic_570.jpg,1
train/plastic/plastic_237.jpg,1
train/plastic/plastic_590.jpg,1
train/plastic/bottle_少_少 (30).jpg,1
train/plastic/plastic_602.jpg,1
train/plastic/bottle_少_少 (13).jpg,1
train/plastic/plastic_666.jpg,0
train/plastic/plastic_527.jpg,1
train/plastic/bottle_中_中 (33).jpg,1
train/plastic/plastic_541.jpg,0
train/plastic/plastic_970.jpg,1
train/plastic/bottle_空_空 (25).jpg,1
train/plastic/plastic_19.jpg,1
train/plastic/bottle_空_空 (29).jpg,1
train/plastic/plastic_873.jpg,1
train/plastic/plastic_701.jpg,1
train/plastic/plastic_810.jpg,1
train/plastic/bottle_少_少 (25).jpg,1
train/plastic/plastic_969.jpg,1
train/plastic/bottle_少_少 (36).jpg,1
train/plastic/plastic_671.jpg,1
train/plastic/plastic_940.jpg,1
train/plastic/plastic_719.jpg,1
train/plastic/plastic_535.jpg,0
train/plastic/plastic_867.jpg,1
train/plastic/bottle_中_中 (38).jpg,1
train/plastic/bottle_中_中 (47).jpg,1
train/plastic/plastic_687.jpg,0
train/plastic/plastic_869.jpg,1
train/plastic/plastic_531.jpg,1
train/plastic/bottle_多_多 (12).jpg,1
train/plastic/bottle_中_中 (27).jpg,1
train/plastic/plastic_628.jpg,1
train/plastic/plastic_721.jpg,0
train/plastic/plastic_225.jpg,1
train/plastic/plastic_449.jpg,1
train/plastic/plastic_768.jpg,1
train/plastic/plastic_44.jpg,1
train/plastic/plastic_35.jpg,1
train/plastic/plastic_903.jpg,1
train/plastic/plastic_835.jpg,1
train/plastic/plastic_831.jpg,0
train/plastic/bottle_多_多 (41).jpg,1
train/plastic/plastic_338.jpg,1
train/plastic/bottle_中_中 (34).jpg,1
train/plastic/plastic_890.jpg,1
train/plastic/plastic_443.jpg,1
train/plastic/plastic_107.jpg,1
train/plastic/bottle_空_空 (27).jpg,1
train/plastic/plastic_746.jpg,1
train/plastic/bottle_中_中 (36).jpg,1
train/plastic/plastic_891.jpg,1
train/plastic/plastic_868.jpg,1
train/plastic/plastic_354.jpg,1
train/plastic/plastic_137.jpg,1
train/plastic/plastic_219.jpg,0
train/plastic/plastic_954.jpg,1
train/plastic/plastic_720.jpg,1
train/plastic/plastic_772.jpg,1
train/plastic/plastic_884.jpg,1
train/plastic/plastic_745.jpg,1
train/plastic/plastic_808.jpg,1
train/plastic/plastic_928.jpg,1
train/plastic/bottle_中_中 (28).jpg,1
train/plastic/plastic_441.jpg,1
train/plastic/bottle_多_多 (21).jpg,1
train/plastic/plastic_105.jpg,1
train/plastic/plastic_751.jpg,1
train/plastic/plastic_468.jpg,1
train/plastic/plastic_37.jpg,1
train/plastic/plastic_925.jpg,1
train/plastic/bottle_空_空 (15).jpg,1
train/plastic/plastic_809.jpg,0
train/plastic/bottle_空_空 (13).jpg,1
train/plastic/plastic_860.jpg,1
train/plastic/plastic_738.jpg,0
train/plastic/plastic_791.jpg,1
train/plastic/plastic_90.jpg,0
train/plastic/plastic_446.jpg,0
train/plastic/plastic_737.jpg,1
train/plastic/plastic_385.jpg,1
train/plastic/plastic_767.jpg,1
train/plastic/bottle_多_多 (36).jpg,1
train/plastic/plastic_710.jpg,1
train/plastic/plastic_133.jpg,0
train/plastic/plastic_183.jpg,1
train/plastic/plastic_679.jpg,1
train/plastic/plastic_844.jpg,0
train/plastic/plastic_419.jpg,1
train/plastic/bottle_空_空 (20).jpg,1
train/plastic/plastic_428.jpg,1
train/plastic/plastic_164.jpg,1
train/plastic/plastic_317.jpg,1
train/plastic/plastic_799.jpg,1
train/plastic/plastic_770.jpg,0
train/plastic/plastic_240.jpg,1
train/plastic/plastic_878.jpg,1
train/plastic/plastic_351.jpg,1
train/plastic/bottle_少_少 (42).jpg,1
train/plastic/plastic_813.jpg,1
train/plastic/plastic_850.jpg,1
train/plastic/plastic_882.jpg,1
train/plastic/plastic_747.jpg,0
train/plastic/plastic_103.jpg,0
train/plastic/plastic_179.jpg,0
train/plastic/bottle_空_空 (37).jpg,1
train/plastic/plastic_901.jpg,1
train/plastic/plastic_919.jpg,0
train/plastic/plastic_656.jpg,1
train/plastic/bottle_中_中 (14).jpg,1
train/plastic/plastic_595.jpg,1
train/plastic/plastic_516.jpg,1
train/plastic/plastic_151.jpg,1
train/plastic/plastic_952.jpg,1
train/plastic/bottle_空_空 (9).jpg,1
train/plastic/plastic_267.jpg,1
train/plastic/plastic_92.jpg,1
train/plastic/plastic_95.jpg,1
train/plastic/plastic_70.jpg,1
train/plastic/plastic_315.jpg,0
train/plastic/plastic_121.jpg,1
train/plastic/plastic_686.jpg,0
train/plastic/bottle_中_中 (7).jpg,1
train/plastic/plastic_769.jpg,1
train/plastic/bottle_空_空 (1).jpg,1
train/plastic/plastic_730.jpg,1
train/plastic/plastic_788.jpg,1
train/plastic/plastic_722.jpg,1
train/plastic/plastic_348.jpg,1
train/plastic/plastic_464.jpg,0
train/plastic/plastic_176.jpg,1
train/plastic/bottle_多_多 (42).jpg,1
train/plastic/plastic_379.jpg,1
train/plastic/bottle_空_空 (30).jpg,1
train/plastic/plastic_116.jpg,1
train/plastic/plastic_491.jpg,1
train/plastic/plastic_691.jpg,1
train/plastic/plastic_932.jpg,1
train/plastic/plastic_984.jpg,1
train/plastic/plastic_611.jpg,0
train/plastic/plastic_947.jpg,1
train/plastic/plastic_373.jpg,0
train/plastic/plastic_307.jpg,1
train/plastic/plastic_753.jpg,1
train/plastic/plastic_798.jpg,1
train/plastic/plastic_58.jpg,1
train/plastic/bottle_中_中 (1).jpg,1
train/plastic/plastic_220.jpg,1
train/plastic/plastic_255.jpg,1
train/plastic/plastic_324.jpg,1
train/plastic/plastic_991.jpg,1
train/plastic/plastic_414.jpg,1
train/plastic/plastic_789.jpg,1
train/plastic/plastic_469.jpg,1
train/plastic/bottle_空_空 (6).jpg,1
train/plastic/plastic_672.jpg,1
train/plastic/plastic_80.jpg,1
train/plastic/plastic_765.jpg,1
train/plastic/plastic_933.jpg,1
train/plastic/plastic_575.jpg,1
train/plastic/plastic_167.jpg,1
train/plastic/plastic_704.jpg,1
train/plastic/bottle_少_少 (34).jpg,1
train/plastic/plastic_662.jpg,1
train/plastic/plastic_553.jpg,1
train/plastic/plastic_851.jpg,1
train/plastic/plastic_857.jpg,1
train/plastic/plastic_390.jpg,1
train/plastic/plastic_958.jpg,1
train/plastic/plastic_814.jpg,1
train/plastic/plastic_402.jpg,1
train/plastic/plastic_475.jpg,1
train/plastic/plastic_805.jpg,1
train/plastic/plastic_208.jpg,1
train/plastic/plastic_180.jpg,1
train/plastic/plastic_872.jpg,1
train/plastic/plastic_824.jpg,1
train/plastic/plastic_819.jpg,1
train/plastic/plastic_626.jpg,0
train/plastic/plastic_858.jpg,1
train/plastic/plastic_268.jpg,1
train/plastic/plastic_75.jpg,1
train/plastic/plastic_171.jpg,1
train/plastic/plastic_306.jpg,1
train/plastic/plastic_711.jpg,1
train/plastic/plastic_486.jpg,0
train/plastic/plastic_294.jpg,1
train/plastic/bottle_少_少 (2).jpg,1
train/plastic/plastic_54.jpg,1
train/plastic/plastic_69.jpg,1
train/plastic/plastic_272.jpg,1
train/plastic/bottle_空_空 (39).jpg,1
train/plastic/plastic_715.jpg,1
train/plastic/plastic_796.jpg,1
train/plastic/bottle_中_中 (35).jpg,1
train/plastic/plastic_206.jpg,1
train/plastic/plastic_417.jpg,1
train/plastic/plastic_169.jpg,1
train/plastic/plastic_357.jpg,1
train/plastic/plastic_521.jpg,0
train/plastic/bottle_多_多 (29).jpg,1
train/plastic/plastic_913.jpg,1
train/plastic/bottle_空_空 (7).jpg,1
train/plastic/plastic_38.jpg,1
train/plastic/bottle_中_中 (31).jpg,1
train/plastic/plastic_889.jpg,1
train/plastic/plastic_840.jpg,1
train/plastic/plastic_11.jpg,1
train/plastic/plastic_96.jpg,1
train/plastic/plastic_815.jpg,0
train/plastic/plastic_445.jpg,1
train/plastic/plastic_948.jpg,1
train/plastic/plastic_494.jpg,1
train/plastic/plastic_713.jpg,1
train/plastic/plastic_496.jpg,1
train/plastic/bottle_空_空 (4).jpg,1
train/plastic/bottle_中_中 (32).jpg,1
train/plastic/bottle_空_空 (38).jpg,1
train/plastic/bottle_空_空 (24).jpg,1
train/plastic/plastic_784.jpg,1
train/plastic/plastic_758.jpg,1
train/plastic/plastic_512.jpg,1
train/plastic/plastic_33.jpg,1
train/plastic/plastic_782.jpg,1
train/plastic/plastic_241.jpg,1
train/plastic/plastic_549.jpg,0
train/plastic/bottle_少_少 (14).jpg,1
train/plastic/plastic_392.jpg,1
train/plastic/plastic_959.jpg,1
train/plastic/plastic_42.jpg,1
train/plastic/plastic_649.jpg,1
train/plastic/plastic_723.jpg,1
train/plastic/plastic_573.jpg,1
train/plastic/bottle_中_中 (48).jpg,1
train/plastic/plastic_956.jpg,1
train/plastic/plastic_990.jpg,1
train/plastic/bottle_空_空 (10).jpg,1
train/plastic/plastic_231.jpg,1
train/plastic/plastic_275.jpg,0
train/plastic/plastic_849.jpg,1
train/plastic/bottle_中_中 (42).jpg,1
train/plastic/plastic_217.jpg,1
train/plastic/bottle_空_空 (11).jpg,1
train/plastic/plastic_431.jpg,1
train/plastic/plastic_8.jpg,1
train/plastic/plastic_927.jpg,1
train/plastic/plastic_896.jpg,1
train/plastic/plastic_242.jpg,1
train/plastic/plastic_45.jpg,1
train/plastic/plastic_229.jpg,1
train/plastic/plastic_503.jpg,1
train/plastic/bottle_空_空 (23).jpg,1
train/plastic/plastic_352.jpg,1
train/plastic/bottle_少_少 (4).jpg,1
train/plastic/plastic_538.jpg,1
train/plastic/bottle_中_中 (12).jpg,1
train/plastic/bottle_中_中 (50).jpg,1
train/plastic/plastic_906.jpg,1
train/plastic/plastic_621.jpg,1
train/plastic/plastic_766.jpg,1
train/plastic/plastic_640.jpg,0
train/plastic/bottle_多_多 (5).jpg,1
train/plastic/bottle_多_多 (11).jpg,1
train/plastic/plastic_86.jpg,1
train/plastic/plastic_139.jpg,1
train/plastic/plastic_165.jpg,1
train/plastic/plastic_91.jpg,1
train/plastic/plastic_349.jpg,1
train/plastic/plastic_426.jpg,1
train/plastic/plastic_472.jpg,1
train/plastic/plastic_304.jpg,1
train/plastic/bottle_空_空 (18).jpg,1
train/plastic/plastic_232.jpg,1
train/plastic/plastic_504.jpg,1
train/plastic/bottle_少_少 (18).jpg,1
train/plastic/plastic_935.jpg,1
train/plastic/plastic_827.jpg,1
train/plastic/bottle_少_少 (43).jpg,1
train/plastic/bottle_少_少 (15).jpg,1
train/plastic/plastic_386.jpg,1
train/plastic/plastic_234.jpg,1
train/plastic/plastic_603.jpg,1
train/plastic/plastic_394.jpg,0
train/plastic/bottle_中_中 (17).jpg,1
train/plastic/plastic_962.jpg,1
train/plastic/plastic_372.jpg,1
train/plastic/plastic_592.jpg,1
train/plastic/plastic_316.jpg,1
train/plastic/plastic_447.jpg,1
train/plastic/plastic_212.jpg,1
train/plastic/plastic_627.jpg,1
train/plastic/plastic_740.jpg,1
train/plastic/plastic_735.jpg,1
train/plastic/plastic_921.jpg,1
train/plastic/plastic_709.jpg,1
train/plastic/plastic_166.jpg,1
train/plastic/plastic_78.jpg,1
train/plastic/plastic_207.jpg,1
train/plastic/bottle_多_多 (32).jpg,1
train/plastic/bottle_少_少 (11).jpg,1
train/plastic/plastic_247.jpg,1
train/plastic/plastic_330.jpg,0
train/plastic/plastic_926.jpg,1
train/plastic/bottle_中_中 (18).jpg,1
train/plastic/bottle_多_多 (31).jpg,1
train/plastic/plastic_515.jpg,0
train/plastic/plastic_943.jpg,0
train/plastic/plastic_836.jpg,1
train/plastic/plastic_361.jpg,1
train/plastic/plastic_403.jpg,0
train/plastic/bottle_少_少 (40).jpg,1
train/plastic/plastic_771.jpg,1
train/plastic/plastic_749.jpg,1
train/plastic/plastic_471.jpg,1
train/plastic/plastic_400.jpg,1
train/plastic/plastic_968.jpg,1
train/plastic/plastic_980.jpg,1
train/plastic/plastic_189.jpg,0
train/plastic/plastic_250.jpg,1
train/plastic/plastic_277.jpg,1
train/plastic/plastic_377.jpg,1
train/plastic/plastic_939.jpg,1
train/plastic/bottle_多_多 (4).jpg,1
train/plastic/plastic_329.jpg,1
train/plastic/bottle_中_中 (46).jpg,1
train/plastic/plastic_29.jpg,1
train/plastic/plastic_949.jpg,1
train/plastic/plastic_256.jpg,1
train/plastic/plastic_7.jpg,1
train/plastic/bottle_少_少 (3).jpg,1
train/plastic/plastic_797.jpg,0
train/plastic/plastic_409.jpg,0
train/plastic/bottle_多_多 (27).jpg,1
train/plastic/plastic_293.jpg,1
train/plastic/bottle_多_多 (28).jpg,1
train/plastic/bottle_空_空 (46).jpg,1
train/plastic/plastic_652.jpg,1
train/plastic/bottle_多_多 (39).jpg,1
train/plastic/plastic_168.jpg,1
train/plastic/plastic_748.jpg,1
train/plastic/plastic_863.jpg,0
train/plastic/plastic_2.jpg,1
train/plastic/plastic_654.jpg,1
train/plastic/plastic_728.jpg,1
train/plastic/plastic_894.jpg,1
train/plastic/plastic_124.jpg,1
train/plastic/plastic_278.jpg,1
train/plastic/plastic_793.jpg,1
train/plastic/bottle_多_多 (17).jpg,1
train/plastic/plastic_875.jpg,1
train/plastic/bottle_多_多 (20).jpg,1
train/plastic/plastic_211.jpg,0
train/plastic/plastic_495.jpg,1
train/plastic/plastic_271.jpg,1
train/plastic/bottle_多_多 (18).jpg,1
train/plastic/bottle_空_空 (5).jpg,1
train/plastic/bottle_空_空 (17).jpg,1
train/plastic/plastic_135.jpg,1
train/plastic/plastic_964.jpg,1
train/plastic/plastic_382.jpg,1
train/plastic/plastic_944.jpg,1
train/plastic/plastic_77.jpg,1
train/plastic/plastic_488.jpg,1
train/plastic/plastic_763.jpg,0
train/plastic/plastic_440.jpg,1
train/plastic/plastic_855.jpg,1
train/plastic/plastic_982.jpg,0
train/plastic/plastic_559.jpg,1
train/plastic/plastic_557.jpg,0
train/plastic/plastic_787.jpg,1
train/plastic/bottle_中_中 (11).jpg,1
val/plastic/bottle_空_空 (26).jpg,1
val/plastic/bottle_多_多 (19).jpg,1
val/plastic/plastic_847.jpg,1
val/plastic/plastic_668.jpg,1
val/plastic/plastic_128.jpg,1
val/plastic/plastic_825.jpg,1
val/plastic/bottle_空_空 (28).jpg,1
val/plastic/plastic_650.jpg,1
val/plastic/plastic_517.jpg,1
val/plastic/plastic_734.jpg,1
val/plastic/bottle_多_多 (50).jpg,1
val/plastic/plastic_774.jpg,0
val/plastic/bottle_中_中 (23).jpg,1
val/plastic/plastic_630.jpg,1
val/plastic/plastic_21.jpg,1
val/plastic/plastic_370.jpg,1
val/plastic/plastic_998.jpg,1
val/plastic/bottle_少_少 (1).jpg,1
val/plastic/plastic_997.jpg,1
val/plastic/plastic_657.jpg,1
val/plastic/plastic_905.jpg,1
val/plastic/plastic_593.jpg,1
val/plastic/bottle_多_多 (34).jpg,1
val/plastic/plastic_731.jpg,1
val/plastic/plastic_681.jpg,0
val/plastic/plastic_157.jpg,1
val/plastic/plastic_733.jpg,1
val/plastic/plastic_83.jpg,1
val/plastic/plastic_9.jpg,1
val/plastic/plastic_706.jpg,1
val/plastic/plastic_822.jpg,1
val/plastic/plastic_155.jpg,1
val/plastic/plastic_415.jpg,1
val/plastic/plastic_59.jpg,1
val/plastic/bottle_少_少 (31).jpg,1
val/plastic/bottle_少_少 (19).jpg,1
val/plastic/plastic_741.jpg,1
val/plastic/plastic_609.jpg,1
val/plastic/plastic_648.jpg,1
val/plastic/plastic_454.jpg,0
val/plastic/plastic_664.jpg,1
val/plastic/plastic_965.jpg,1
val/plastic/bottle_空_空 (49).jpg,1
val/plastic/plastic_60.jpg,0
val/plastic/plastic_826.jpg,1
val/plastic/plastic_134.jpg,1
val/plastic/plastic_752.jpg,1
val/plastic/plastic_776.jpg,1
val/plastic/plastic_239.jpg,1
val/plastic/plastic_122.jpg,0
val/plastic/plastic_828.jpg,1
val/plastic/plastic_838.jpg,1
val/plastic/plastic_380.jpg,0
val/plastic/bottle_多_多 (22).jpg,1
val/plastic/bottle_少_少 (44).jpg,1
val/plastic/bottle_少_少 (28).jpg,1
val/plastic/bottle_少_少 (50).jpg,1
val/plastic/bottle_中_中 (22).jpg,1
val/plastic/plastic_979.jpg,1
val/plastic/bottle_中_中 (49).jpg,1
val/plastic/plastic_411.jpg,1
val/plastic/bottle_少_少 (38).jpg,1
val/plastic/plastic_152.jpg,1
val/plastic/plastic_712.jpg,1
val/plastic/plastic_834.jpg,1
val/plastic/plastic_685.jpg,0
val/plastic/plastic_51.jpg,1
val/plastic/plastic_909.jpg,1
val/plastic/plastic_333.jpg,1
val/plastic/plastic_644.jpg,1
val/plastic/plastic_853.jpg,1
val/plastic/plastic_914.jpg,0
val/plastic/plastic_757.jpg,1
val/plastic/bottle_少_少 (47).jpg,1
val/plastic/plastic_777.jpg,0
val/plastic/bottle_空_空 (32).jpg,1
val/plastic/plastic_957.jpg,1
val/plastic/plastic_130.jpg,1
val/plastic/bottle_少_少 (26).jpg,1
val/plastic/plastic_126.jpg,1
val/plastic/plastic_323.jpg,0
val/plastic/plastic_482.jpg,0
val/plastic/bottle_中_中 (45).jpg,1
val/plastic/plastic_781.jpg,1
val/plastic/plastic_365.jpg,1
val/plastic/bottle_中_中 (10).jpg,1
val/plastic/plastic_859.jpg,1
val/plastic/plastic_510.jpg,1
val/plastic/plastic_900.jpg,1
val/plastic/plastic_981.jpg,0
val/plastic/plastic_880.jpg,1
val/plastic/plastic_295.jpg,1
val/plastic/plastic_816.jpg,1
val/plastic/plastic_803.jpg,1
val/plastic/plastic_196.jpg,1
val/plastic/bottle_中_中 (15).jpg,1
val/plastic/plastic_717.jpg,1
test/plastic/plastic_676.jpg,1
test/plastic/plastic_281.jpg,1
test/plastic/plastic_999.jpg,1
test/plastic/plastic_972.jpg,1
test/plastic/plastic_938.jpg,0
test/plastic/plastic_870.jpg,1
test/plastic/bottle_中_中 (30).jpg,1
test/plastic/plastic_160.jpg,1
test/plastic/plastic_856.jpg,1
test/plastic/plastic_743.jpg,1
test/plastic/plastic_528.jpg,1
test/plastic/plastic_537.jpg,0
test/plastic/bottle_少_少 (37).jpg,1
test/plastic/plastic_99.jpg,0
test/plastic/bottle_多_多 (6).jpg,1
test/plastic/bottle_空_空 (42).jpg,1
test/plastic/plastic_790.jpg,0
test/plastic/plastic_82.jpg,1
test/plastic/plastic_929.jpg,1
test/plastic/plastic_48.jpg,1
test/plastic/plastic_577.jpg,1
test/plastic/plastic_658.jpg,0
test/plastic/plastic_192.jpg,1
test/plastic/plastic_874.jpg,1
test/plastic/plastic_15.jpg,1
test/plastic/plastic_994.jpg,1
test/plastic/plastic_199.jpg,1
test/plastic/plastic_726.jpg,1
test/plastic/plastic_569.jpg,1
test/plastic/plastic_800.jpg,1
test/plastic/plastic_344.jpg,1
test/plastic/bottle_少_少 (41).jpg,1
test/plastic/plastic_205.jpg,1
test/plastic/plastic_584.jpg,1
test/plastic/plastic_346.jpg,0
test/plastic/plastic_989.jpg,1
test/plastic/bottle_少_少 (22).jpg,1
test/plastic/plastic_366.jpg,1
test/plastic/plastic_907.jpg,1
test/plastic/plastic_209.jpg,1
test/plastic/plastic_522.jpg,1
test/plastic/plastic_732.jpg,1
test/plastic/plastic_996.jpg,1
test/plastic/plastic_865.jpg,1
test/plastic/bottle_少_少 (6).jpg,1
test/plastic/plastic_202.jpg,0
test/plastic/plastic_463.jpg,1
test/plastic/plastic_501.jpg,1
test/plastic/plastic_487.jpg,1
test/plastic/plastic_716.jpg,1
test/plastic/plastic_971.jpg,1
test/plastic/plastic_966.jpg,1
test/plastic/plastic_985.jpg,1
test/plastic/bottle_空_空 (21).jpg,1
test/plastic/plastic_27.jpg,1
test/plastic/bottle_多_多 (49).jpg,1
test/plastic/bottle_少_少 (48).jpg,1
test/plastic/plastic_945.jpg,0
test/plastic/plastic_479.jpg,1
test/plastic/plastic_28.jpg,1
test/plastic/plastic_899.jpg,1
test/plastic/bottle_空_空 (2).jpg,1
test/plastic/plastic_520.jpg,1
test/plastic/plastic_87.jpg,1
test/plastic/plastic_727.jpg,1
test/plastic/bottle_多_多 (44).jpg,1
test/plastic/plastic_198.jpg,1
test/plastic/plastic_427.jpg,1
test/plastic/plastic_474.jpg,1
test/plastic/bottle_空_空 (8).jpg,1
test/plastic/plastic_525.jpg,1
test/plastic/bottle_空_空 (45).jpg,1
test/plastic/plastic_993.jpg,1
test/plastic/plastic_405.jpg,1
test/plastic/plastic_976.jpg,1
test/plastic/plastic_418.jpg,1
test/plastic/plastic_642.jpg,0
test/plastic/bottle_中_中 (21).jpg,1
test/plastic/plastic_238.jpg,1
test/plastic/plastic_967.jpg,1
test/plastic/plastic_707.jpg,1
test/plastic/plastic_634.jpg,1
test/plastic/plastic_992.jpg,0
test/plastic/plastic_915.jpg,1
test/plastic/bottle_多_多 (13).jpg,1
test/plastic/plastic_811.jpg,1
test/plastic/plastic_104.jpg,1
test/plastic/bottle_空_空 (47).jpg,1
test/plastic/bottle_多_多 (2).jpg,1
test/plastic/bottle_多_多 (23).jpg,1
test/plastic/plastic_641.jpg,0
test/plastic/plastic_97.jpg,0
test/plastic/bottle_空_空 (35).jpg,1
test/plastic/plastic_886.jpg,1
test/plastic/plastic_140.jpg,1
test/plastic/plastic_226.jpg,1
test/plastic/bottle_多_多 (10).jpg,1
train/glass/glass_10.jpg,1
train/glass/glass_100.jpg,0
train/glass/glass_102.jpg,1
train/glass/glass_103.jpg,1
train/glass/glass_104.jpg,1
train/glass/glass_108.jpg,0
train/glass/glass_109.jpg,0
train/glass/glass_111.jpg,0
train/glass/glass_115.jpg,0
train/glass/glass_117.jpg,1
train/glass/glass_118.jpg,0
train/glass/glass_120.jpg,1
train/glass/glass_121.jpg,1
train/glass/glass_122.jpg,1
train/glass/glass_124.jpg,0
train/glass/glass_127.jpg,0
train/glass/glass_128.jpg,0
train/glass/glass_131.jpg,1
train/glass/glass_132.jpg,0
train/glass/glass_133.jpg,0
train/glass/glass_141.jpg,1
train/glass/glass_142.jpg,0
train/glass/glass_144.jpg,1
train/glass/glass_145.jpg,0
train/glass/glass_146.jpg,0
train/glass/glass_149.jpg,0
train/glass/glass_150.jpg,1
train/glass/glass_152.jpg,1
train/glass/glass_153.jpg,1
train/glass/glass_158.jpg,1
train/glass/glass_164.jpg,0
train/glass/glass_167.jpg,0
train/glass/glass_168.jpg,0
train/glass/glass_17.jpg,0
train/glass/glass_170.jpg,1
train/glass/glass_172.jpg,1
train/glass/glass_173.jpg,1
train/glass/glass_174.jpg,1
train/glass/glass_176.jpg,0
train/glass/glass_181.jpg,0
train/glass/glass_183.jpg,0
train/glass/glass_184.jpg,0
train/glass/glass_186.jpg,1
train/glass/glass_187.jpg,1
train/glass/glass_188.jpg,0
train/glass/glass_189.jpg,0
train/glass/glass_191.jpg,1
train/glass/glass_192.jpg,1
train/glass/glass_193.jpg,1
train/glass/glass_195.jpg,1
train/glass/glass_198.jpg,1
train/glass/glass_20.jpg,1
train/glass/glass_202.jpg,1
train/glass/glass_206.jpg,1
train/glass/glass_208.jpg,0
train/glass/glass_209.jpg,1
train/glass/glass_211.jpg,1
train/glass/glass_215.jpg,0
train/glass/glass_217.jpg,0
train/glass/glass_218.jpg,1
train/glass/glass_219.jpg,1
train/glass/glass_221.jpg,1
train/glass/glass_222.jpg,1
train/glass/glass_223.jpg,0
train/glass/glass_224.jpg,1
train/glass/glass_228.jpg,1
train/glass/glass_229.jpg,0
train/glass/glass_23.jpg,1
train/glass/glass_232.jpg,1
train/glass/glass_234.jpg,0
train/glass/glass_235.jpg,0
train/glass/glass_236.jpg,1
train/glass/glass_238.jpg,1
train/glass/glass_240.jpg,1
train/glass/glass_242.jpg,0
train/glass/glass_243.jpg,0
train/glass/glass_28.jpg,1
train/glass/glass_30.jpg,0
train/glass/glass_33.jpg,0
train/glass/glass_37.jpg,0
train/glass/glass_38.jpg,1
train/glass/glass_39.jpg,1
train/glass/glass_41.jpg,0
train/glass/glass_43.jpg,1
train/glass/glass_47.jpg,0
train/glass/glass_5.jpg,1
train/glass/glass_50.jpg,1
train/glass/glass_52.jpg,1
train/glass/glass_54.jpg,1
train/glass/glass_56.jpg,1
train/glass/glass_6.jpg,1
train/glass/glass_60.jpg,0
train/glass/glass_62.jpg,1
train/glass/glass_64.jpg,1
train/glass/glass_67.jpg,1
train/glass/glass_70.jpg,1
train/glass/glass_71.jpg,1
train/glass/glass_72.jpg,1
train/glass/glass_74.jpg,0
train/glass/glass_75.jpg,1
train/glass/glass_76.jpg,0
train/glass/glass_77.jpg,1
train/glass/glass_78.jpg,0
train/glass/glass_8.jpg,0
train/glass/glass_80.jpg,1
train/glass/glass_82.jpg,1
train/glass/glass_85.jpg,0
train/glass/glass_9.jpg,1
train/glass/glass_93.jpg,1
train/glass/glass_94.jpg,1
train/glass/glass_95.jpg,0
train/glass/glass_96.jpg,0
val/glass/glass_70.jpg,1
val/glass/glass_71.jpg,1
val/glass/glass_72.jpg,1
val/glass/glass_74.jpg,0
val/glass/glass_75.jpg,1
val/glass/glass_76.jpg,0
val/glass/glass_77.jpg,1
val/glass/glass_78.jpg,0
val/glass/glass_8.jpg,0
val/glass/glass_80.jpg,1
val/glass/glass_82.jpg,1
test/glass/glass_85.jpg,0
test/glass/glass_9.jpg,1
test/glass/glass_93.jpg,1
test/glass/glass_94.jpg,1
test/glass/glass_95.jpg,0
test/glass/glass_96.jpg,0
train/metal/metal_1.jpg,0
train/metal/metal_10.jpg,1
train/metal/metal_100.jpg,0
train/metal/metal_101.jpg,0
train/metal/metal_102.jpg,0
train/metal/metal_103.jpg,0
train/metal/metal_104.jpg,0
train/metal/metal_105.jpg,0
train/metal/metal_107.jpg,0
train/metal/metal_108.jpg,1
train/metal/metal_109.jpg,0
train/metal/metal_11.jpg,1
train/metal/metal_110.jpg,0
train/metal/metal_112.jpg,1
train/metal/metal_113.jpg,1
train/metal/metal_114.jpg,0
train/metal/metal_117.jpg,0
train/metal/metal_118.jpg,0
train/metal/metal_120.jpg,0
train/metal/metal_121.jpg,0
train/metal/metal_123.jpg,0
train/metal/metal_124.jpg,0
train/metal/metal_125.jpg,0
train/metal/metal_127.jpg,0
train/metal/metal_128.jpg,0
train/metal/metal_129.jpg,1
train/metal/metal_13.jpg,0
train/metal/metal_130.jpg,1
train/metal/metal_131.jpg,1
train/metal/metal_132.jpg,1
train/metal/metal_133.jpg,0
train/metal/metal_134.jpg,1
train/metal/metal_136.jpg,0
train/metal/metal_137.jpg,0
train/metal/metal_138.jpg,0
train/metal/metal_14.jpg,0
train/metal/metal_140.jpg,1
train/metal/metal_141.jpg,0
train/metal/metal_142.jpg,0
train/metal/metal_143.jpg,1
train/metal/metal_144.jpg,1
train/metal/metal_145.jpg,1
train/metal/metal_146.jpg,0
train/metal/metal_147.jpg,1
train/metal/metal_15.jpg,1
train/metal/metal_150.jpg,1
train/metal/metal_16.jpg,0
train/metal/metal_17.jpg,1
train/metal/metal_19.jpg,1
train/metal/metal_2.jpg,0
train/metal/metal_20.jpg,0
train/metal/metal_21.jpg,1
train/metal/metal_23.jpg,1
train/metal/metal_25.jpg,1
train/metal/metal_26.jpg,1
train/metal/metal_28.jpg,1
train/metal/metal_3.jpg,0
train/metal/metal_30.jpg,1
train/metal/metal_31.jpg,1
train/metal/metal_32.jpg,1
train/metal/metal_33.jpg,1
train/metal/metal_34.jpg,1
train/metal/metal_35.jpg,1
train/metal/metal_36.jpg,1
train/metal/metal_37.jpg,1
train/metal/metal_38.jpg,0
train/metal/metal_39.jpg,0
train/metal/metal_4.jpg,0
train/metal/metal_40.jpg,0
train/metal/metal_41.jpg,0
train/metal/metal_42.jpg,0
train/metal/metal_43.jpg,0
train/metal/metal_44.jpg,1
train/metal/metal_46.jpg,1
train/metal/metal_47.jpg,0
train/metal/metal_48.jpg,1
train/metal/metal_49.jpg,0
train/metal/metal_5.jpg,0
train/metal/metal_50.jpg,1
train/metal/metal_51.jpg,1
train/metal/metal_52.jpg,0
train/metal/metal_53.jpg,0
train/metal/metal_54.jpg,1
train/metal/metal_55.jpg,0
train/metal/metal_56.jpg,1
train/metal/metal_57.jpg,1
train/metal/metal_60.jpg,0
train/metal/metal_61.jpg,1
train/metal/metal_63.jpg,0
train/metal/metal_64.jpg,0
train/metal/metal_66.jpg,1
train/metal/metal_67.jpg,0
train/metal/metal_68.jpg,0
train/metal/metal_69.jpg,1
train/metal/metal_7.jpg,0
train/metal/metal_70.jpg,0
train/metal/metal_72.jpg,0
train/metal/metal_76.jpg,0
train/metal/metal_78.jpg,1
train/metal/metal_79.jpg,0
train/metal/metal_8.jpg,0
train/metal/metal_80.jpg,0
train/metal/metal_81.jpg,0
train/metal/metal_82.jpg,0
train/metal/metal_83.jpg,0
train/metal/metal_84.jpg,1
train/metal/metal_86.jpg,1
train/metal/metal_87.jpg,1
train/metal/metal_88.jpg,1
train/metal/metal_89.jpg,1
train/metal/metal_9.jpg,1
train/metal/metal_91.jpg,0
train/metal/metal_92.jpg,1
train/metal/metal_93.jpg,0
train/metal/metal_94.jpg,1
train/metal/metal_95.jpg,0
train/metal/metal_97.jpg,0
train/metal/metal_98.jpg,0
train/metal/metal_99.jpg,0
val/metal/metal_112.jpg,1
val/metal/metal_23.jpg,1
val/metal/metal_30.jpg,1
val/metal/metal_31.jpg,1
val/metal/metal_66.jpg,1
val/metal/metal_77.jpg,1
val/metal/metal_78.jpg,1
val/metal/metal_79.jpg,0
val/metal/metal_8.jpg,0
val/metal/metal_80.jpg,0
val/metal/metal_81.jpg,0
val/metal/metal_82.jpg,0
val/metal/metal_83.jpg,0
val/metal/metal_84.jpg,1
val/metal/metal_85.jpg,1
val/metal/metal_86.jpg,1
val/metal/metal_9.jpg,1
val/metal/metal_92.jpg,1
test/metal/metal_100.jpg,0
test/metal/metal_23.jpg,1
test/metal/metal_37.jpg,1
test/metal/metal_46.jpg,1
test/metal/metal_48.jpg,1
test/metal/metal_50.jpg,1
test/metal/metal_54.jpg,1
test/metal/metal_61.jpg,1
test/metal/metal_86.jpg,1
test/metal/metal_87.jpg,1
test/metal/metal_88.jpg,1
test/metal/metal_89.jpg,1
test/metal/metal_9.jpg,1
test/metal/metal_90.jpg,1
test/metal/metal_91.jpg,0
test/metal/metal_92.jpg,1
test/metal/metal_93.jpg,0
test/metal/metal_94.jpg,1
test/metal/metal_95.jpg,0
test/metal/metal_96.jpg,1
test/metal/metal_97.jpg,0
test/metal/metal_98.jpg,0
test/metal/metal_99.jpg,0
