filename,liquid
train/plastic/bottle_少_少 (19).jpg,1
train/plastic/bottle_多_多 (49).jpg,1
train/plastic/bottle_空_空 (36).jpg,0
train/plastic/bottle_多_多 (31).jpg,1
train/plastic/bottle_少_少 (11).jpg,1
train/plastic/bottle_少_少 (3).jpg,1
train/plastic/bottle_空_空 (26).jpg,0
train/plastic/bottle_多_多 (12).jpg,1
train/plastic/bottle_中_中 (39).jpg,1
train/plastic/bottle_中_中 (18).jpg,1
train/plastic/bottle_空_空 (25).jpg,0
train/plastic/bottle_空_空 (14).jpg,0
train/plastic/bottle_少_少 (47).jpg,1
train/plastic/bottle_少_少 (27).jpg,1
train/plastic/bottle_空_空 (16).jpg,0
train/plastic/bottle_空_空 (16).jpg,0
train/plastic/bottle_空_空 (50).jpg,0
train/plastic/bottle_空_空 (50).jpg,0
train/plastic/bottle_空_空 (47).jpg,0
train/plastic/bottle_空_空 (29).jpg,0
train/plastic/bottle_空_空 (47).jpg,0
train/plastic/bottle_空_空 (41).jpg,0
train/plastic/bottle_多_多 (22).jpg,1
train/plastic/bottle_少_少 (6).jpg,1
train/plastic/bottle_空_空 (40).jpg,0
train/plastic/bottle_空_空 (32).jpg,0
train/plastic/bottle_中_中 (22).jpg,1
train/plastic/bottle_中_中 (40).jpg,1
train/plastic/bottle_空_空 (17).jpg,0
train/plastic/bottle_空_空 (14).jpg,0
train/plastic/bottle_空_空 (21).jpg,0
train/plastic/bottle_多_多 (38).jpg,1
train/plastic/bottle_少_少 (50).jpg,1
train/plastic/bottle_多_多 (6).jpg,1
train/plastic/bottle_多_多 (11).jpg,1
train/plastic/bottle_空_空 (4).jpg,0
train/plastic/bottle_空_空 (37).jpg,0
train/plastic/bottle_中_中 (29).jpg,1
train/plastic/bottle_多_多 (41).jpg,1
train/plastic/bottle_中_中 (36).jpg,1
train/plastic/bottle_空_空 (26).jpg,0
train/plastic/bottle_多_多 (4).jpg,1
train/plastic/bottle_少_少 (10).jpg,1
train/plastic/bottle_少_少 (28).jpg,1
train/plastic/bottle_空_空 (35).jpg,0
train/plastic/bottle_中_中 (11).jpg,1
train/plastic/bottle_多_多 (5).jpg,1
train/plastic/bottle_空_空 (3).jpg,0
train/plastic/bottle_空_空 (32).jpg,0
train/plastic/bottle_空_空 (49).jpg,0
train/plastic/bottle_空_空 (37).jpg,0
train/plastic/bottle_中_中 (9).jpg,1
train/plastic/bottle_空_空 (36).jpg,0
train/plastic/bottle_多_多 (23).jpg,1
train/plastic/bottle_多_多 (2).jpg,1
train/plastic/bottle_空_空 (10).jpg,0
train/plastic/bottle_多_多 (21).jpg,1
train/plastic/bottle_空_空 (13).jpg,0
train/plastic/bottle_空_空 (7).jpg,0
train/plastic/bottle_少_少 (7).jpg,1
train/plastic/bottle_多_多 (46).jpg,1
train/plastic/bottle_少_少 (42).jpg,1
train/plastic/bottle_空_空 (17).jpg,0
train/plastic/bottle_空_空 (45).jpg,0
train/plastic/bottle_空_空 (43).jpg,0
train/plastic/bottle_少_少 (14).jpg,1
train/plastic/bottle_多_多 (10).jpg,1
train/plastic/bottle_中_中 (12).jpg,1
train/plastic/bottle_中_中 (13).jpg,1
train/plastic/bottle_多_多 (40).jpg,1
train/plastic/bottle_空_空 (21).jpg,0
train/plastic/bottle_中_中 (42).jpg,1
train/plastic/bottle_空_空 (34).jpg,0
train/plastic/bottle_空_空 (40).jpg,0
train/plastic/bottle_空_空 (29).jpg,0
train/plastic/bottle_少_少 (1).jpg,1
train/plastic/bottle_多_多 (30).jpg,1
train/plastic/bottle_空_空 (1).jpg,0
train/plastic/bottle_空_空 (25).jpg,0
train/plastic/bottle_中_中 (24).jpg,1
train/plastic/bottle_空_空 (11).jpg,0
train/plastic/bottle_多_多 (19).jpg,1
train/plastic/bottle_空_空 (28).jpg,0
train/plastic/bottle_少_少 (30).jpg,1
train/plastic/bottle_空_空 (12).jpg,0
train/plastic/bottle_少_少 (21).jpg,1
train/plastic/bottle_空_空 (11).jpg,0
train/plastic/bottle_空_空 (22).jpg,0
train/plastic/bottle_中_中 (31).jpg,1
train/plastic/bottle_空_空 (19).jpg,0
train/plastic/bottle_空_空 (22).jpg,0
train/plastic/bottle_中_中 (1).jpg,1
train/plastic/bottle_少_少 (2).jpg,1
train/plastic/bottle_少_少 (44).jpg,1
train/plastic/bottle_少_少 (40).jpg,1
train/plastic/bottle_中_中 (23).jpg,1
train/plastic/bottle_空_空 (1).jpg,0
train/plastic/bottle_多_多 (24).jpg,1
train/plastic/bottle_多_多 (32).jpg,1
train/plastic/bottle_空_空 (33).jpg,0
train/plastic/bottle_空_空 (38).jpg,0
train/plastic/bottle_少_少 (4).jpg,1
train/plastic/bottle_空_空 (12).jpg,0
train/plastic/bottle_少_少 (35).jpg,1
train/plastic/bottle_少_少 (23).jpg,1
train/plastic/bottle_空_空 (45).jpg,0
train/plastic/bottle_少_少 (34).jpg,1
train/plastic/bottle_中_中 (38).jpg,1
train/plastic/bottle_多_多 (50).jpg,1
train/plastic/bottle_空_空 (42).jpg,0
train/plastic/bottle_空_空 (28).jpg,0
train/plastic/bottle_空_空 (23).jpg,0
train/plastic/bottle_空_空 (19).jpg,0
train/plastic/bottle_少_少 (39).jpg,1
train/plastic/bottle_空_空 (13).jpg,0
train/plastic/bottle_空_空 (7).jpg,0
train/plastic/bottle_少_少 (31).jpg,1
train/plastic/bottle_空_空 (34).jpg,0
train/plastic/bottle_空_空 (3).jpg,0
train/plastic/bottle_中_中 (19).jpg,1
train/plastic/bottle_空_空 (43).jpg,0
train/plastic/bottle_空_空 (49).jpg,0
train/plastic/bottle_中_中 (25).jpg,1
train/plastic/bottle_空_空 (4).jpg,0
train/plastic/bottle_空_空 (42).jpg,0
train/plastic/bottle_空_空 (38).jpg,0
train/plastic/bottle_空_空 (31).jpg,0
train/plastic/bottle_少_少 (37).jpg,1
train/plastic/bottle_空_空 (23).jpg,0
train/plastic/bottle_少_少 (41).jpg,1
train/plastic/bottle_空_空 (33).jpg,0
train/plastic/bottle_空_空 (41).jpg,0
train/plastic/bottle_多_多 (8).jpg,1
train/plastic/bottle_空_空 (31).jpg,0
train/plastic/bottle_多_多 (39).jpg,1
train/plastic/bottle_多_多 (9).jpg,1
train/plastic/bottle_少_少 (49).jpg,1
train/plastic/bottle_中_中 (44).jpg,1
train/plastic/bottle_空_空 (10).jpg,0
train/plastic/bottle_空_空 (35).jpg,0
val/plastic/bottle_空_空 (27).jpg,0
val/plastic/bottle_少_少 (33).jpg,1
val/plastic/bottle_多_多 (34).jpg,1
val/plastic/bottle_多_多 (45).jpg,1
val/plastic/bottle_多_多 (29).jpg,1
val/plastic/bottle_空_空 (44).jpg,0
val/plastic/bottle_少_少 (5).jpg,1
val/plastic/bottle_中_中 (10).jpg,1
val/plastic/bottle_少_少 (22).jpg,1
val/plastic/bottle_少_少 (32).jpg,1
val/plastic/bottle_空_空 (15).jpg,0
val/plastic/bottle_少_少 (16).jpg,1
val/plastic/bottle_多_多 (1).jpg,1
val/plastic/bottle_中_中 (34).jpg,1
val/plastic/bottle_中_中 (21).jpg,1
val/plastic/bottle_空_空 (5).jpg,0
val/plastic/bottle_少_少 (8).jpg,1
val/plastic/bottle_多_多 (7).jpg,1
val/plastic/bottle_空_空 (30).jpg,0
val/plastic/bottle_中_中 (27).jpg,1
val/plastic/bottle_少_少 (46).jpg,1
val/plastic/bottle_中_中 (2).jpg,1
val/plastic/bottle_多_多 (15).jpg,1
val/plastic/bottle_中_中 (20).jpg,1
val/plastic/bottle_中_中 (4).jpg,1
val/plastic/bottle_少_少 (29).jpg,1
val/plastic/bottle_空_空 (18).jpg,0
val/plastic/bottle_空_空 (8).jpg,0
val/plastic/bottle_中_中 (49).jpg,1
val/plastic/bottle_空_空 (20).jpg,0
val/plastic/bottle_多_多 (13).jpg,1
val/plastic/bottle_空_空 (48).jpg,0
val/plastic/bottle_中_中 (50).jpg,1
val/plastic/bottle_空_空 (46).jpg,0
val/plastic/bottle_中_中 (14).jpg,1
val/plastic/bottle_中_中 (5).jpg,1
val/plastic/bottle_少_少 (12).jpg,1
val/plastic/bottle_少_少 (36).jpg,1
val/plastic/bottle_中_中 (28).jpg,1
val/plastic/bottle_中_中 (8).jpg,1
test/plastic/bottle_中_中 (16).jpg,1
test/plastic/bottle_中_中 (35).jpg,1
test/plastic/bottle_中_中 (41).jpg,1
test/plastic/bottle_少_少 (17).jpg,1
test/plastic/bottle_空_空 (24).jpg,0
test/plastic/bottle_中_中 (30).jpg,1
test/plastic/bottle_中_中 (15).jpg,1
test/plastic/bottle_多_多 (20).jpg,1
test/plastic/bottle_多_多 (28).jpg,1
test/plastic/bottle_空_空 (39).jpg,0
test/plastic/bottle_多_多 (14).jpg,1
test/plastic/bottle_多_多 (18).jpg,1
test/plastic/bottle_中_中 (17).jpg,1
test/plastic/bottle_少_少 (45).jpg,1
test/plastic/bottle_空_空 (2).jpg,0
test/plastic/bottle_中_中 (33).jpg,1
test/plastic/bottle_空_空 (9).jpg,0
test/plastic/bottle_多_多 (16).jpg,1
test/plastic/bottle_中_中 (3).jpg,1
test/plastic/bottle_空_空 (6).jpg,0
