filename,spread
train/cardboard/cardboard_197.jpg,1
train/cardboard/cardboard_366.jpg,0
train/cardboard/flattened_Image_1779693886850_622.jpg,1
train/cardboard/cardboard_104.jpg,1
train/cardboard/cardboard_249.jpg,1
train/cardboard/cardboard_318.jpg,0
train/cardboard/cardboard_306.jpg,1
train/cardboard/cardboard_426.jpg,0
train/cardboard/cardboard_436.jpg,0
train/cardboard/cardboard_479.jpg,1
train/cardboard/cardboard_452.jpg,0
train/cardboard/cardboard_487.jpg,0
train/cardboard/flattened_Image_1779693846414_75.jpg,1
train/cardboard/flattened_Image_1779693814708_837.jpg,1
train/cardboard/cardboard_525.jpg,1
train/cardboard/flattened_Image_1779693802212_686.jpg,1
train/cardboard/cardboard_679.jpg,1
train/cardboard/cardboard_493.jpg,1
train/cardboard/cardboard_459.jpg,1
train/cardboard/cardboard_143.jpg,1
train/cardboard/cardboard_404.jpg,1
train/cardboard/cardboard_358.jpg,0
train/cardboard/cardboard_8.jpg,1
train/cardboard/cardboard_1.jpg,0
train/cardboard/cardboard_96.jpg,1
train/cardboard/cardboard_164.jpg,1
train/cardboard/flattened_Image_1779693915777_424.jpg,1
train/cardboard/cardboard_424.jpg,1
train/cardboard/flattened_Image_1779693888834_538.jpg,1
train/cardboard/cardboard_15.jpg,1
train/cardboard/cardboard_49.jpg,0
train/cardboard/flattened_Image_1779693882437_478.jpg,1
train/cardboard/flattened_Image_1779693900184_544.jpg,1
train/cardboard/cardboard_348.jpg,0
train/cardboard/cardboard_397.jpg,0
train/cardboard/cardboard_341.jpg,1
train/cardboard/cardboard_28.jpg,1
train/cardboard/cardboard_489.jpg,0
train/cardboard/cardboard_441.jpg,0
train/cardboard/cardboard_221.jpg,1
train/cardboard/cardboard_604.jpg,1
train/cardboard/cardboard_157.jpg,0
train/cardboard/cardboard_84.jpg,0
train/cardboard/cardboard_48.jpg,1
train/cardboard/cardboard_123.jpg,0
train/cardboard/cardboard_317.jpg,0
train/cardboard/cardboard_496.jpg,0
train/cardboard/cardboard_413.jpg,0
train/cardboard/cardboard_253.jpg,0
train/cardboard/cardboard_488.jpg,0
train/cardboard/flattened_Image_1779693906574_250.jpg,1
train/cardboard/cardboard_133.jpg,0
train/cardboard/cardboard_329.jpg,0
train/cardboard/cardboard_31.jpg,0
train/cardboard/cardboard_379.jpg,0
train/cardboard/flattened_Image_1779693865821_682.jpg,1
train/cardboard/cardboard_274.jpg,0
train/cardboard/cardboard_279.jpg,0
train/cardboard/cardboard_419.jpg,0
train/cardboard/cardboard_268.jpg,0
train/cardboard/cardboard_9.jpg,0
train/cardboard/cardboard_200.jpg,1
train/cardboard/flattened_Image_1779693891368_964.jpg,1
train/cardboard/flattened_Image_1779693912124_71.jpg,1
train/cardboard/cardboard_32.jpg,0
train/cardboard/cardboard_79.jpg,0
train/cardboard/cardboard_346.jpg,1
train/cardboard/cardboard_446.jpg,1
train/cardboard/flattened_Image_1779693878297_688.jpg,1
train/cardboard/cardboard_167.jpg,0
train/cardboard/flattened_Image_1779693838045_89.jpg,1
train/cardboard/cardboard_384.jpg,1
train/cardboard/flattened_Image_1779693875927_887.jpg,1
train/cardboard/cardboard_435.jpg,0
train/cardboard/cardboard_213.jpg,1
train/cardboard/cardboard_540.jpg,1
train/cardboard/cardboard_148.jpg,0
train/cardboard/cardboard_186.jpg,0
train/cardboard/cardboard_270.jpg,0
train/cardboard/cardboard_44.jpg,0
train/cardboard/cardboard_334.jpg,0
train/cardboard/cardboard_383.jpg,0
train/cardboard/cardboard_88.jpg,1
train/cardboard/cardboard_324.jpg,0
train/cardboard/cardboard_112.jpg,1
train/cardboard/cardboard_245.jpg,1
train/cardboard/cardboard_73.jpg,0
train/cardboard/flattened_Image_1779693871525_13.jpg,1
train/cardboard/cardboard_47.jpg,0
train/cardboard/cardboard_98.jpg,0
train/cardboard/cardboard_478.jpg,0
train/cardboard/cardboard_63.jpg,1
train/cardboard/cardboard_575.jpg,1
train/cardboard/cardboard_500.jpg,1
train/cardboard/cardboard_693.jpg,1
train/cardboard/cardboard_356.jpg,0
train/cardboard/flattened_Image_1779693903437_460.jpg,1
train/cardboard/flattened_Image_1779693855025_93.jpg,1
train/cardboard/flattened_Image_1779693843799_493.jpg,1
train/cardboard/cardboard_264.jpg,0
train/cardboard/cardboard_647.jpg,1
train/cardboard/cardboard_12.jpg,0
train/cardboard/cardboard_223.jpg,1
train/cardboard/cardboard_410.jpg,1
train/cardboard/cardboard_335.jpg,1
train/cardboard/flattened_Image_1779693858170_946.jpg,1
train/cardboard/cardboard_68.jpg,0
train/cardboard/cardboard_392.jpg,1
train/cardboard/flattened_Image_1779693863524_152.jpg,1
train/cardboard/cardboard_136.jpg,0
train/cardboard/flattened_Image_1779693895235_536.jpg,1
train/cardboard/cardboard_165.jpg,0
train/cardboard/cardboard_456.jpg,0
train/cardboard/cardboard_434.jpg,1
train/cardboard/cardboard_550.jpg,1
train/cardboard/cardboard_590.jpg,1
train/cardboard/cardboard_470.jpg,0
train/cardboard/cardboard_328.jpg,1
train/cardboard/flattened_Image_1779693919809_58.jpg,1
train/cardboard/cardboard_564.jpg,1
train/cardboard/cardboard_315.jpg,0
train/cardboard/cardboard_391.jpg,0
train/cardboard/cardboard_331.jpg,0
train/cardboard/cardboard_296.jpg,1
train/cardboard/cardboard_83.jpg,1
train/cardboard/cardboard_202.jpg,1
train/cardboard/cardboard_503.jpg,1
train/cardboard/cardboard_403.jpg,0
val/cardboard/cardboard_180.jpg,0
val/cardboard/cardboard_308.jpg,0
val/cardboard/cardboard_453.jpg,0
val/cardboard/cardboard_208.jpg,0
val/cardboard/cardboard_100.jpg,0
val/cardboard/cardboard_40.jpg,0
val/cardboard/cardboard_319.jpg,0
val/cardboard/flattened_Image_1779693849914_209.jpg,1
val/cardboard/cardboard_363.jpg,0
val/cardboard/cardboard_343.jpg,0
val/cardboard/cardboard_233.jpg,0
val/cardboard/flattened_Image_1779693797942_437.jpg,1
val/cardboard/cardboard_173.jpg,1
val/cardboard/cardboard_87.jpg,0
test/cardboard/cardboard_265.jpg,1
test/cardboard/cardboard_93.jpg,1
test/cardboard/cardboard_648.jpg,1
test/cardboard/cardboard_210.jpg,0
test/cardboard/cardboard_444.jpg,0
test/cardboard/cardboard_477.jpg,0
test/cardboard/flattened_Image_1779693832181_331.jpg,1
test/cardboard/flattened_Image_1779693893141_599.jpg,1
test/cardboard/flattened_Image_1779693823260_855.jpg,1
test/cardboard/cardboard_129.jpg,0
test/cardboard/cardboard_339.jpg,1
test/cardboard/cardboard_78.jpg,0
test/cardboard/cardboard_91.jpg,0
test/cardboard/cardboard_142.jpg,1
test/cardboard/cardboard_447.jpg,0
test/cardboard/cardboard_232.jpg,1
